"Chrom","Position","RSID","Reference","Alternate","Source","Filters - exomes","Filters - genomes","Consequence","Protein Consequence","Transcript Consequence","Annotation","Flags","Allele Count","Allele Number","Number of Homozygotes","Allele Frequency","Allele Count African","Allele Number African","Homozygote Count African","Allele Count Ashkenazi Jewish","Allele Number Ashkenazi Jewish","Homozygote Count Ashkenazi Jewish","Allele Count East Asian","Allele Number East Asian","Homozygote Count East Asian","Allele Count European (Finnish)","Allele Number European (Finnish)","Homozygote Count European (Finnish)","Allele Count European (Non-Finnish)","Allele Number European (Non-Finnish)","Homozygote Count European (Non-Finnish)","Allele Count Latino","Allele Number Latino","Homozygote Count Latino","Allele Count Other","Allele Number Other","Homozygote Count Other","Allele Count South Asian","Allele Number South Asian","Homozygote Count South Asian"
"3","52485064","rs112004509","G","C","G","NA","PASS","","","","downstream gene","","2","30940","0","6.464e-5","0","8728","0","0","302","0","0","1622","0","0","3490","0","2","14980","0","0","838","0","0","980","0","0","0","0"
"3","52485067","rs543093696","C","T","G","NA","PASS","","","","downstream gene","","8","30930","0","0.0002586","8","8722","0","0","302","0","0","1622","0","0","3492","0","0","14976","0","0","838","0","0","978","0","0","0","0"
"3","52485070","rs767122846","G","A","G","NA","PASS","","","","downstream gene","","1","30946","0","3.231e-5","0","8726","0","0","302","0","0","1622","0","0","3492","0","1","14988","0","0","838","0","0","978","0","0","0","0"
"3","52485087",".","C","T","G","NA","PASS","","","","downstream gene","","1","30926","0","3.234e-5","0","8720","0","0","302","0","0","1622","0","0","3492","0","0","14974","0","1","836","0","0","980","0","0","0","0"
"3","52485113",".","A","G","G","NA","PASS","","","","downstream gene","","1","30916","0","3.235e-5","1","8712","0","0","302","0","0","1622","0","0","3492","0","0","14970","0","0","836","0","0","982","0","0","0","0"
"3","52485164","rs41292360","G","A","G","NA","PASS","","","c.*127C>T","3' UTR","","1","30904","0","3.236e-5","0","8716","0","0","302","0","0","1620","0","0","3492","0","1","14958","0","0","836","0","0","980","0","0","0","0"
"3","52485168","rs545578624","C","A","G","NA","PASS","","","c.*123G>T","3' UTR","","2","30884","0","6.476e-5","0","8712","0","0","302","0","2","1622","0","0","3492","0","0","14946","0","0","836","0","0","974","0","0","0","0"
"3","52485168","rs545578624","C","T","G","NA","PASS","","","c.*123G>A","3' UTR","","5","30884","0","0.0001619","5","8712","0","0","302","0","0","1622","0","0","3492","0","0","14946","0","0","836","0","0","974","0","0","0","0"
"3","52485172",".","G","T","G","NA","PASS","","","c.*119C>A","3' UTR","","2","30916","0","6.469e-5","0","8720","0","0","302","0","0","1622","0","0","3494","0","2","14964","0","0","836","0","0","978","0","0","0","0"
"3","52485180",".","G","A","G","NA","PASS","","","c.*111C>T","3' UTR","","1","30904","0","3.236e-5","0","8718","0","0","302","0","0","1622","0","0","3494","0","1","14952","0","0","836","0","0","980","0","0","0","0"
"3","52485203",".","G","A","G","NA","PASS","","","c.*88C>T","3' UTR","","1","30902","0","3.236e-5","0","8708","0","0","302","0","1","1618","0","0","3494","0","0","14964","0","0","836","0","0","980","0","0","0","0"
"3","52485208","rs115688995","T","G","G","NA","PASS","","","c.*83A>C","3' UTR","","346","30894","11","0.01120","333","8712","11","2","302","0","0","1616","0","1","3490","0","2","14958","0","3","836","0","5","980","0","0","0","0"
"3","52485213",".","C","T","G","NA","PASS","","","c.*78G>A","3' UTR","","1","30902","0","3.236e-5","0","8710","0","0","302","0","0","1618","0","0","3494","0","1","14960","0","0","836","0","0","982","0","0","0","0"
"3","52485219",".","C","T","G","NA","PASS","","","c.*72G>A","3' UTR","","1","30910","0","3.235e-5","1","8714","0","0","302","0","0","1620","0","0","3492","0","0","14966","0","0","836","0","0","980","0","0","0","0"
"3","52485222",".","C","T","G","NA","PASS","","","c.*69G>A","3' UTR","","2","30914","0","6.47e-5","2","8712","0","0","302","0","0","1620","0","0","3494","0","0","14970","0","0","836","0","0","980","0","0","0","0"
"3","52485245",".","T","C","E","PASS","NA","","","c.*46A>G","3' UTR","","1","245484","0","4.074e-6","0","15240","0","0","9822","0","0","17236","0","0","22214","0","0","111190","0","1","33558","0","0","5468","0","0","30756","0"
"3","52485249","rs560076131","G","A","E","PASS","NA","","","c.*42C>T","3' UTR","","4","245600","0","1.629e-5","0","15246","0","0","9826","0","2","17236","0","0","22238","0","0","111244","0","0","33566","0","0","5470","0","2","30774","0"
"3","52485253","rs541885580","G","C","E","PASS","NA","","","c.*38C>G","3' UTR","","108","245690","0","0.0004396","0","15256","0","0","9828","0","0","17240","0","0","22252","0","0","111306","0","1","33564","0","1","5470","0","106","30774","0"
"3","52485259",".","G","A","E","PASS","NA","","","c.*32C>T","3' UTR","","2","245756","0","8.138e-6","0","15262","0","0","9828","0","0","17238","0","0","22256","0","2","111354","0","0","33570","0","0","5470","0","0","30778","0"
"3","52485260","rs778692543","G","A","E","PASS","NA","","","c.*31C>T","3' UTR","","2","245754","0","8.138e-6","0","15256","0","0","9832","0","0","17238","0","0","22266","0","0","111354","0","2","33566","0","0","5468","0","0","30774","0"
"3","52485263","rs747741083","A","C","E","PASS","NA","","","c.*28T>G","3' UTR","","1","245806","0","4.068e-6","1","15266","0","0","9836","0","0","17240","0","0","22280","0","0","111364","0","0","33572","0","0","5470","0","0","30778","0"
"3","52485264","rs113599392","T","A","E","PASS","NA","","","c.*27A>T","3' UTR","","1","245816","0","4.068e-6","0","15268","0","0","9836","0","0","17240","0","0","22278","0","1","111374","0","0","33572","0","0","5472","0","0","30776","0"
"3","52485264","rs113599392","T","C","E","PASS","NA","","","c.*27A>G","3' UTR","","1","245816","0","4.068e-6","0","15268","0","0","9836","0","0","17240","0","0","22278","0","0","111374","0","1","33572","0","0","5472","0","0","30776","0"
"3","52485274","rs548983354","T","G","E","PASS","NA","","","c.*17A>C","3' UTR","","1","245872","0","4.067e-6","1","15272","0","0","9838","0","0","17240","0","0","22278","0","0","111408","0","0","33578","0","0","5480","0","0","30778","0"
"3","52485279","rs199851913","G","C","E","PASS","NA","","","c.*12C>G","3' UTR","","1","245904","0","4.067e-6","0","15276","0","0","9844","0","0","17240","0","0","22290","0","1","111418","0","0","33576","0","0","5480","0","0","30780","0"
"3","52485283","rs760637468","G","A","E G","PASS","PASS","","","c.*8C>T","3' UTR","","6","276870","0","2.167e-5","0","23992","0","0","10148","0","0","18864","0","0","25780","0","2","126432","0","3","34414","0","1","6460","0","0","30780","0"
"3","52485294",".","C","T","E G","PASS","PASS","p.Glu161Glu","p.Glu161Glu","c.483G>A","synonymous","","3","276934","0","1.083e-5","1","24006","0","0","10148","0","0","18860","0","0","25786","0","2","126476","0","0","34414","0","0","6464","0","0","30780","0"
"3","52485299",".","C","T","E","PASS","NA","p.Val160Met","p.Val160Met","c.478G>A","missense","","1","246018","0","4.065e-6","0","15288","0","0","9844","0","0","17242","0","0","22296","0","0","111508","0","0","33578","0","0","5482","0","1","30780","0"
"3","52485302",".","C","T","E","PASS","NA","p.Gly159Ser","p.Gly159Ser","c.475G>A","missense","","1","246034","0","4.064e-6","0","15290","0","0","9846","0","0","17242","0","0","22292","0","1","111526","0","0","33578","0","0","5480","0","0","30780","0"
"3","52485303","rs770807038","C","G","E","PASS","NA","p.Lys158Asn","p.Lys158Asn","c.474G>C","missense","","1","246026","0","4.065e-6","0","15286","0","0","9846","0","0","17242","0","0","22292","0","0","111520","0","0","33578","0","0","5482","0","1","30780","0"
"3","52485303","rs770807038","C","T","E","PASS","NA","p.Lys158Lys","p.Lys158Lys","c.474G>A","synonymous","","9","246026","0","3.658e-5","0","15286","0","3","9846","0","0","17242","0","0","22292","0","6","111520","0","0","33578","0","0","5482","0","0","30780","0"
"3","52485308","rs730880230","T","G","E","PASS","NA","p.Met157Leu","p.Met157Leu","c.469A>C","missense","","1","246056","0","4.064e-6","0","15292","0","0","9846","0","0","17244","0","0","22298","0","1","111536","0","0","33578","0","0","5482","0","0","30780","0"
"3","52485321","rs568828576","C","T","E","PASS","NA","c.456G>A","p.Glu152Glu","c.456G>A","splice region","","2","246052","0","8.128e-6","0","15296","0","0","9846","0","0","17244","0","0","22294","0","0","111528","0","0","33580","0","1","5484","0","1","30780","0"
"3","52485326",".","T","G","E","PASS","NA","c.455-4A>C","","c.455-4A>C","splice region","","1","246052","0","4.064e-6","0","15296","0","0","9846","0","0","17244","0","0","22292","0","0","111528","0","0","33582","0","1","5484","0","0","30780","0"
"3","52485334","rs775842086","G","C","E","PASS","NA","","","c.455-12C>G","intron","","1","246038","0","4.064e-6","0","15290","0","0","9848","0","0","17246","0","0","22292","0","0","111518","0","0","33582","0","0","5482","0","1","30780","0"
"3","52485338",".","C","T","E","PASS","NA","","","c.455-16G>A","intron","","1","246004","0","4.065e-6","0","15282","0","0","9848","0","0","17246","0","0","22290","0","0","111494","0","1","33582","0","0","5482","0","0","30780","0"
"3","52485339",".","A","G","E","PASS","NA","","","c.455-17T>C","intron","","1","246012","0","4.065e-6","0","15284","0","0","9848","0","0","17246","0","0","22290","0","0","111502","0","0","33582","0","0","5480","0","1","30780","0"
"3","52485340","rs763016039","G","A","E","PASS","NA","","","c.455-18C>T","intron","","1","246020","0","4.065e-6","0","15290","0","0","9848","0","1","17244","0","0","22288","0","0","111508","0","0","33580","0","0","5482","0","0","30780","0"
"3","52485342","rs751920501","T","A","E","PASS","NA","","","c.455-20A>T","intron","","1","245710","0","4.07e-6","0","15244","0","0","9842","0","1","17242","0","0","22200","0","0","111352","0","0","33576","0","0","5476","0","0","30778","0"
"3","52485346","rs369241872","G","A","E","PASS","NA","","","c.455-24C>T","intron","","1","246024","0","4.065e-6","1","15288","0","0","9846","0","0","17244","0","0","22286","0","0","111518","0","0","33580","0","0","5482","0","0","30780","0"
"3","52485347",".","G","T","E G","PASS","PASS","","","c.455-25C>A","intron","","3","276932","0","1.083e-5","3","23998","0","0","10148","0","0","18864","0","0","25778","0","0","126486","0","0","34418","0","0","6460","0","0","30780","0"
"3","52485350",".","G","T","E","PASS","NA","","","c.455-28C>A","intron","","2","246002","0","8.13e-6","0","15288","0","0","9846","0","0","17242","0","0","22282","0","2","111508","0","0","33580","0","0","5478","0","0","30778","0"
"3","52485357",".","G","T","E","PASS","NA","","","c.455-35C>A","intron","","1","246000","0","4.065e-6","0","15292","0","0","9846","0","0","17242","0","0","22286","0","0","111500","0","0","33578","0","0","5476","0","1","30780","0"
"3","52485359",".","G","A","E","PASS","NA","","","c.455-37C>T","intron","","4","245976","0","1.626e-5","0","15290","0","0","9844","0","0","17242","0","0","22290","0","0","111472","0","3","33580","0","0","5478","0","1","30780","0"
"3","52485360",".","G","A","E","PASS","NA","","","c.455-38C>T","intron","","1","245976","0","4.065e-6","0","15292","0","0","9844","0","0","17242","0","0","22286","0","0","111476","0","1","33580","0","0","5476","0","0","30780","0"
"3","52485370",".","G","T","E","PASS","NA","","","c.454+37C>A","intron","","1","245934","0","4.066e-6","0","15280","0","0","9844","0","0","17242","0","0","22286","0","0","111452","0","0","33576","0","0","5474","0","1","30780","0"
"3","52485380",".","A","G","E","PASS","NA","","","c.454+27T>C","intron","","1","245904","0","4.067e-6","0","15272","0","0","9842","0","0","17242","0","0","22272","0","0","111446","0","1","33572","0","0","5478","0","0","30780","0"
"3","52485383","rs768178167","A","G","E G","PASS","PASS","","","c.454+24T>C","intron","","5","276794","0","1.806e-5","0","23978","0","0","10140","0","0","18862","0","0","25768","0","5","126404","0","0","34412","0","0","6454","0","0","30776","0"
"3","52485384",".","G","T","E","PASS","NA","","","c.454+23C>A","intron","","1","245906","0","4.067e-6","0","15274","0","0","9836","0","1","17240","0","0","22274","0","0","111454","0","0","33574","0","0","5478","0","0","30776","0"
"3","52485389","rs750960904","G","A","E","PASS","NA","","","c.454+18C>T","intron","","1","245884","0","4.067e-6","0","15266","0","0","9840","0","0","17240","0","0","22274","0","1","111434","0","0","33568","0","0","5480","0","0","30782","0"
"3","52485390","rs754572435","C","A","E","PASS","NA","","","c.454+17G>T","intron","","1","245858","0","4.067e-6","0","15268","0","0","9836","0","0","17242","0","0","22272","0","0","111418","0","0","33570","0","0","5478","0","1","30774","0"
"3","52485390","rs754572435","C","T","E G","PASS","PASS","","","c.454+17G>A","intron","","5","276766","0","1.807e-5","5","23974","0","0","10138","0","0","18862","0","0","25764","0","0","126388","0","0","34408","0","0","6458","0","0","30774","0"
"3","52485398","rs778230215","C","T","E","PASS","NA","","","c.454+9G>A","intron","","6","245898","0","2.44e-5","0","15266","0","0","9842","0","0","17240","0","0","22286","0","0","111436","0","0","33574","0","0","5474","0","6","30780","0"
"3","52485399",".","C","G","E","PASS","NA","c.454+8G>C","","c.454+8G>C","splice region","","2","245898","0","8.133e-6","0","15270","0","0","9842","0","2","17240","0","0","22286","0","0","111436","0","0","33570","0","0","5476","0","0","30778","0"
"3","52485400","rs747842576","C","CG","E","PASS","NA","c.454+6dupC","","c.454+6dupC","splice region","","1","245872","0","4.067e-6","0","15268","0","0","9840","0","0","17240","0","0","22286","0","1","111406","0","0","33576","0","0","5476","0","0","30780","0"
"3","52485400","rs747842576","C","T","E","PASS","NA","c.454+7G>A","","c.454+7G>A","splice region","","3","245872","0","1.22e-5","1","15268","0","0","9840","0","0","17240","0","0","22286","0","0","111406","0","0","33576","0","0","5476","0","2","30780","0"
"3","52485401","rs750021293","G","A","E","PASS","NA","c.454+6C>T","","c.454+6C>T","splice region","","1","245846","0","4.068e-6","0","15264","0","0","9840","0","1","17240","0","0","22278","0","0","111402","0","0","33570","0","0","5474","0","0","30778","0"
"3","52485401","rs750021293","G","C","E","PASS","NA","c.454+6C>G","","c.454+6C>G","splice region","","1","245846","0","4.068e-6","1","15264","0","0","9840","0","0","17240","0","0","22278","0","0","111402","0","0","33570","0","0","5474","0","0","30778","0"
"3","52485402","rs372975494","C","T","E G","PASS","PASS","c.454+5G>A","","c.454+5G>A","splice region","","2","276822","0","7.225e-6","2","23976","0","0","10144","0","0","18860","0","0","25782","0","0","126414","0","0","34410","0","0","6458","0","0","30778","0"
"3","52485404","rs777568062","T","C","E","PASS","NA","c.454+3A>G","","c.454+3A>G","splice region","","2","245932","0","8.132e-6","0","15272","0","0","9838","0","0","17240","0","1","22292","0","1","111456","0","0","33576","0","0","5478","0","0","30780","0"
"3","52485416","rs397516849","C","A","E G","PASS","PASS","p.Asp149Tyr","p.Asp149Tyr","c.445G>T","missense","","2","276842","0","7.224e-6","0","23978","0","0","10138","0","0","18862","0","2","25784","0","0","126436","0","0","34408","0","0","6458","0","0","30778","0"
"3","52485417","rs149428762","G","A","E G","PASS","PASS","p.Ile148Ile","p.Ile148Ile","c.444C>T","synonymous","","8","276862","0","2.89e-5","5","23980","0","0","10138","0","0","18864","0","0","25788","0","3","126448","0","0","34412","0","0","6456","0","0","30776","0"
"3","52485417","rs149428762","G","T","E","PASS","NA","p.Ile148Ile","p.Ile148Ile","c.444C>A","synonymous","","1","245938","0","4.066e-6","1","15276","0","0","9836","0","0","17242","0","0","22296","0","0","111462","0","0","33576","0","0","5474","0","0","30776","0"
"3","52485419","rs397516848","T","C","E","PASS","NA","p.Ile148Val","p.Ile148Val","c.442A>G","missense","","2","245958","0","8.131e-6","0","15280","0","0","9838","0","0","17242","0","0","22290","0","1","111472","0","1","33578","0","0","5476","0","0","30782","0"
"3","52485420","rs745782150","G","T","E","PASS","NA","p.Arg147Arg","p.Arg147Arg","c.441C>A","synonymous","","1","245952","0","4.066e-6","0","15276","0","0","9838","0","0","17242","0","0","22296","0","0","111468","0","0","33578","0","0","5476","0","1","30778","0"
"3","52485421","rs769919235","C","T","E","PASS","NA","p.Arg147His","p.Arg147His","c.440G>A","missense","","1","245926","0","4.066e-6","0","15274","0","0","9832","0","0","17242","0","0","22284","0","1","111470","0","0","33576","0","0","5476","0","0","30772","0"
"3","52485422","rs796243470","G","A","E","PASS","NA","p.Arg147Cys","p.Arg147Cys","c.439C>T","missense","","3","245950","0","1.22e-5","0","15274","0","0","9838","0","1","17242","0","0","22296","0","0","111472","0","1","33578","0","0","5474","0","1","30776","0"
"3","52485425","rs567327895","C","T","E G","PASS","PASS","p.Gly146Ser","p.Gly146Ser","c.436G>A","missense","","4","276892","0","1.445e-5","0","23998","0","0","10142","0","1","18864","0","0","25782","0","2","126456","0","0","34412","0","0","6458","0","1","30780","0"
"3","52485426","rs267607124","G","A","E","PASS","NA","p.Asp145Asp","p.Asp145Asp","c.435C>T","synonymous","","9","245954","0","3.659e-5","0","15276","0","0","9838","0","0","17242","0","0","22290","0","2","111474","0","4","33580","0","1","5476","0","2","30778","0"
"3","52485426","rs267607124","G","C","E","PASS","NA","p.Asp145Glu","p.Asp145Glu","c.435C>G","missense","","1","245954","0","4.066e-6","0","15276","0","0","9838","0","0","17242","0","0","22290","0","1","111474","0","0","33580","0","0","5476","0","0","30778","0"
"3","52485426","rs267607124","G","T","E G","PASS","PASS","p.Asp145Glu","p.Asp145Glu","c.435C>A","missense","","34","276882","0","0.0001228","0","23994","0","0","10140","0","0","18862","0","1","25782","0","33","126454","0","0","34416","0","0","6456","0","0","30778","0"
"3","52485428","rs142759728","C","T","E","PASS","NA","p.Asp145Asn","p.Asp145Asn","c.433G>A","missense","","3","245950","0","1.22e-5","0","15278","0","0","9838","0","0","17242","0","0","22288","0","2","111470","0","1","33578","0","0","5476","0","0","30780","0"
"3","52485429","rs767979684","G","A","E G","PASS","RF","p.Asn144Asn","p.Asn144Asn","c.432C>T","synonymous","","6","245946","0","2.44e-5","0","15278","0","0","9838","0","1","17240","0","1","22282","0","1","111476","0","3","33580","0","0","5474","0","0","30778","0"
"3","52485430","rs750978833","T","C","E","PASS","NA","p.Asn144Ser","p.Asn144Ser","c.431A>G","missense","","5","245972","0","2.033e-5","0","15280","0","0","9840","0","3","17242","0","0","22286","0","0","111488","0","1","33580","0","0","5478","0","1","30778","0"
"3","52485435","rs756513152","C","G","E","PASS","NA","p.Lys142Asn","p.Lys142Asn","c.426G>C","missense","","1","245976","0","4.065e-6","0","15276","0","0","9840","0","0","17242","0","0","22288","0","1","111498","0","0","33576","0","0","5480","0","0","30776","0"
"3","52485442","rs764835690","C","T","E","PASS","NA","p.Gly140Glu","p.Gly140Glu","c.419G>A","missense","","3","246004","0","1.219e-5","0","15278","0","0","9838","0","0","17242","0","0","22294","0","3","111514","0","0","33578","0","0","5480","0","0","30780","0"
"3","52485443","rs752100917","C","T","E","PASS","NA","p.Gly140Arg","p.Gly140Arg","c.418G>A","missense","","3","246002","0","1.22e-5","1","15280","0","0","9840","0","0","17242","0","0","22290","0","1","111512","0","0","33578","0","0","5480","0","1","30780","0"
"3","52485444","rs757904305","G","A","E","PASS","NA","p.Asp139Asp","p.Asp139Asp","c.417C>T","synonymous","","5","245976","0","2.033e-5","0","15278","0","0","9842","0","0","17242","0","0","22286","0","4","111502","0","0","33572","0","0","5476","0","1","30778","0"
"3","52485451","rs777445880","A","G","E","PASS","NA","p.Met137Thr","p.Met137Thr","c.410T>C","missense","","1","246032","0","4.065e-6","0","15284","0","0","9842","0","1","17242","0","0","22288","0","0","111540","0","0","33576","0","0","5480","0","0","30780","0"
"3","52485453","rs746663998","G","A","E","PASS","NA","p.Leu136Leu","p.Leu136Leu","c.408C>T","synonymous","","4","246032","0","1.626e-5","0","15284","0","0","9840","0","4","17242","0","0","22288","0","0","111546","0","0","33576","0","0","5478","0","0","30778","0"
"3","52485458","rs757105607","C","T","E","PASS","NA","p.Glu135Lys","p.Glu135Lys","c.403G>A","missense","","1","246038","0","4.064e-6","0","15284","0","0","9840","0","0","17242","0","0","22284","0","1","111550","0","0","33578","0","0","5480","0","0","30780","0"
"3","52485459","rs397516847","C","A","G","NA","PASS","p.Glu134Asp","p.Glu134Asp","c.402G>T","missense","","1","30934","0","3.233e-5","0","8722","0","0","302","0","0","1618","0","0","3494","0","1","14982","0","0","838","0","0","978","0","0","0","0"
"3","52485464",".","T","C","E","PASS","NA","p.Ile133Val","p.Ile133Val","c.397A>G","missense","","1","246060","0","4.064e-6","0","15282","0","0","9842","0","0","17242","0","0","22292","0","1","111562","0","0","33580","0","0","5480","0","0","30780","0"
"3","52485468","rs147821122","G","A","E G","PASS","PASS","p.Asp131Asp","p.Asp131Asp","c.393C>T","synonymous","","9","276986","0","3.249e-5","1","24008","0","0","10144","0","1","18862","0","0","25778","0","6","126536","0","0","34418","0","0","6460","0","1","30780","0"
"3","52485468","rs147821122","G","C","E","PASS","NA","p.Asp131Glu","p.Asp131Glu","c.393C>G","missense","","1","246052","0","4.064e-6","0","15286","0","0","9842","0","0","17242","0","0","22284","0","1","111556","0","0","33580","0","0","5482","0","0","30780","0"
"3","52485474","rs397516845","C","G","E G","PASS","PASS","p.Thr129Thr","p.Thr129Thr","c.387G>C","synonymous","","53","277018","1","0.0001913","0","24004","0","0","10146","0","0","18864","0","0","25790","0","0","126558","0","0","34416","0","1","6460","0","52","30780","1"
"3","52485474","rs397516845","C","T","E","PASS","NA","p.Thr129Thr","p.Thr129Thr","c.387G>A","synonymous","","6","246084","0","2.438e-5","0","15286","0","0","9844","0","0","17242","0","0","22296","0","1","111576","0","2","33580","0","0","5480","0","3","30780","0"
"3","52485475","rs749367654","G","A","E","PASS","NA","p.Thr129Met","p.Thr129Met","c.386C>T","missense","","1","246070","0","4.064e-6","0","15284","0","0","9842","0","0","17242","0","0","22290","0","0","111572","0","1","33580","0","0","5480","0","0","30780","0"
"3","52485485","rs730881060","C","T","E","PASS","NA","p.Glu126Lys","p.Glu126Lys","c.376G>A","missense","","1","246108","0","4.063e-6","1","15288","0","0","9846","0","0","17242","0","0","22296","0","0","111594","0","0","33580","0","0","5482","0","0","30780","0"
"3","52485486","rs141289590","G","A","E","PASS","NA","p.Gly125Gly","p.Gly125Gly","c.375C>T","synonymous","","7","246104","0","2.844e-5","0","15290","0","0","9846","0","0","17242","0","0","22284","0","4","111600","0","3","33580","0","0","5482","0","0","30780","0"
"3","52485486","rs141289590","G","T","E","PASS","NA","p.Gly125Gly","p.Gly125Gly","c.375C>A","synonymous","","8","246104","0","3.251e-5","0","15290","0","0","9846","0","0","17242","0","0","22284","0","0","111600","0","7","33580","0","1","5482","0","0","30780","0"
"3","52485494","rs772571319","C","T","E","PASS","NA","p.Ala123Thr","p.Ala123Thr","c.367G>A","missense","","1","246126","0","4.063e-6","0","15292","0","0","9846","0","0","17242","0","0","22290","0","1","111612","0","0","33580","0","0","5484","0","0","30780","0"
"3","52485498","rs773410670","C","A","E","PASS","NA","p.Leu121Leu","p.Leu121Leu","c.363G>T","synonymous","","1","246122","0","4.063e-6","0","15294","0","0","9848","0","0","17242","0","0","22292","0","0","111602","0","1","33580","0","0","5484","0","0","30780","0"
"3","52485501","rs376202427","C","T","E","PASS","NA","p.Met120Ile","p.Met120Ile","c.360G>A","missense","","1","246120","0","4.063e-6","0","15294","0","0","9848","0","0","17242","0","0","22294","0","1","111598","0","0","33580","0","0","5484","0","0","30780","0"
"3","52485505","rs200296115","A","G","E","PASS","NA","p.Ile119Thr","p.Ile119Thr","c.356T>C","missense","","1","246130","0","4.063e-6","1","15294","0","0","9848","0","0","17242","0","0","22296","0","0","111606","0","0","33580","0","0","5484","0","0","30780","0"
"3","52485510",".","C","T","E","PASS","NA","p.Leu117Leu","p.Leu117Leu","c.351G>A","synonymous","","1","246118","0","4.063e-6","0","15292","0","0","9846","0","0","17242","0","0","22286","0","1","111608","0","0","33580","0","0","5484","0","0","30780","0"
"3","52485516","rs754343698","A","T","E","PASS","NA","p.Asp115Glu","p.Asp115Glu","c.345T>A","missense","","2","246118","0","8.126e-6","0","15292","0","0","9848","0","2","17242","0","0","22290","0","0","111604","0","0","33580","0","0","5482","0","0","30780","0"
"3","52485523",".","TC","T","E","PASS","NA","p.Asp113ThrfsTer5","p.Asp113ThrfsTer5","c.337delG","frameshift","","1","246090","0","4.064e-6","0","15292","0","1","9848","0","0","17244","0","0","22290","0","0","111580","0","0","33576","0","0","5480","0","0","30780","0"
"3","52485524","rs369639550","C","T","E","PASS","NA","p.Asp113Asn","p.Asp113Asn","c.337G>A","missense","","2","246086","0","8.127e-6","2","15292","0","0","9848","0","0","17244","0","0","22276","0","0","111588","0","0","33578","0","0","5480","0","0","30780","0"
"3","52485525","rs763584637","G","A","E G","PASS","PASS","p.Ile112Ile","p.Ile112Ile","c.336C>T","synonymous","","16","277016","0","5.776e-5","1","24018","0","0","10148","0","5","18864","0","0","25770","0","1","126556","0","9","34418","0","0","6462","0","0","30780","0"
"3","52485525","rs763584637","G","C","E","PASS","NA","p.Ile112Met","p.Ile112Met","c.336C>G","missense","","1","246080","0","4.064e-6","0","15290","0","0","9846","0","0","17244","0","0","22280","0","1","111580","0","0","33580","0","0","5480","0","0","30780","0"
"3","52485525","rs763584637","G","T","E","PASS","NA","p.Ile112Ile","p.Ile112Ile","c.336C>A","synonymous","","2","246080","0","8.127e-6","0","15290","0","0","9846","0","0","17244","0","0","22280","0","0","111580","0","0","33580","0","0","5480","0","2","30780","0"
"3","52485527","rs756860563","T","A","E","PASS","NA","p.Ile112Phe","p.Ile112Phe","c.334A>T","missense","","1","246100","0","4.063e-6","0","15292","0","0","9848","0","0","17244","0","0","22286","0","1","111592","0","0","33578","0","0","5480","0","0","30780","0"
"3","52485534",".","A","G","G","NA","PASS","p.Asp109Asp","p.Asp109Asp","c.327T>C","synonymous","","1","30924","0","3.234e-5","0","8718","0","0","302","0","0","1622","0","0","3488","0","1","14976","0","0","838","0","0","980","0","0","0","0"
"3","52485537","rs145066209","A","G","E G","PASS","PASS","p.Ala108Ala","p.Ala108Ala","c.324T>C","synonymous","","19","276992","0","6.859e-5","19","24014","0","0","10148","0","0","18862","0","0","25768","0","0","126544","0","0","34414","0","0","6462","0","0","30780","0"
"3","52485541",".","T","C","G","NA","PASS","p.Asn107Ser","p.Asn107Ser","c.320A>G","missense","","1","30926","0","3.234e-5","0","8718","0","0","302","0","0","1622","0","0","3494","0","1","14970","0","0","838","0","0","982","0","0","0","0"
"3","52485543","rs766904943","T","TCTGTGGGGAGGGGGCTCAGGGTAGGG","E","PASS","NA","p.Lys106AsnfsTer21","p.Lys106AsnfsTer21","c.318-26_318-1dupCCCTACCCTGAGCCCCCTCCCCACAG","frameshift","LC LoF","5","246032","0","2.032e-5","0","15286","0","0","9846","0","0","17244","0","0","22254","0","0","111562","0","5","33582","0","0","5478","0","0","30780","0"
"3","52485550","rs750230750","G","A","E","PASS","NA","c.318-7C>T","","c.318-7C>T","splice region","","2","246030","0","8.129e-6","0","15288","0","0","9848","0","0","17244","0","0","22258","0","1","111550","0","1","33580","0","0","5482","0","0","30780","0"
"3","52485552",".","A","T","E","PASS","NA","","","c.318-9T>A","intron","","1","245972","0","4.066e-6","0","15286","0","0","9848","0","1","17244","0","0","22234","0","0","111524","0","0","33578","0","0","5478","0","0","30780","0"
"3","52485554",".","G","T","E","PASS","NA","","","c.318-11C>A","intron","","1","245976","0","4.065e-6","0","15280","0","0","9846","0","0","17244","0","0","22228","0","0","111536","0","0","33578","0","0","5484","0","1","30780","0"
"3","52485556","rs199709697","G","T","E","PASS","NA","","","c.318-13C>A","intron","","1","245990","0","4.065e-6","0","15280","0","0","9848","0","1","17244","0","0","22238","0","0","111536","0","0","33578","0","0","5486","0","0","30780","0"
"3","52485560",".","C","T","E","PASS","NA","","","c.318-17G>A","intron","","1","245926","0","4.066e-6","0","15280","0","0","9848","0","1","17244","0","0","22212","0","0","111504","0","0","33578","0","0","5480","0","0","30780","0"
"3","52485562","rs779922160","G","A","E","PASS","NA","","","c.318-19C>T","intron","","1","245922","0","4.066e-6","0","15286","0","0","9848","0","0","17242","0","0","22200","0","1","111506","0","0","33578","0","0","5482","0","0","30780","0"
"3","52485563","rs749235280","G","A","E","PASS","NA","","","c.318-20C>T","intron","","1","245930","0","4.066e-6","0","15284","0","0","9848","0","1","17244","0","0","22192","0","0","111522","0","0","33578","0","0","5482","0","0","30780","0"
"3","52485564",".","G","A","E","PASS","NA","","","c.318-21C>T","intron","","1","245910","0","4.067e-6","0","15284","0","0","9848","0","1","17244","0","0","22176","0","0","111518","0","0","33578","0","0","5482","0","0","30780","0"
"3","52485573","rs567630358","T","C","E G","PASS","PASS","","","c.318-30A>G","intron","","102","276562","0","0.0003688","1","23974","0","0","10146","0","94","18862","0","0","25574","0","0","126358","0","0","34414","0","0","6454","0","7","30780","0"
"3","52485576",".","G","A","G","NA","PASS","","","c.318-33C>T","intron","","1","30906","0","3.236e-5","0","8708","0","0","302","0","0","1620","0","0","3492","0","1","14964","0","0","838","0","0","982","0","0","0","0"
"3","52485580",".","G","A","E","PASS","NA","","","c.318-37C>T","intron","","1","245566","0","4.072e-6","0","15274","0","0","9836","0","1","17240","0","0","22040","0","0","111336","0","0","33580","0","0","5480","0","0","30780","0"
"3","52485585","rs779067190","G","A","E","PASS","NA","","","c.318-42C>T","intron","","16","245452","0","6.519e-5","0","15264","0","14","9826","0","0","17242","0","0","22000","0","2","111302","0","0","33566","0","0","5474","0","0","30778","0"
"3","52485586",".","A","C","E","PASS","NA","","","c.318-43T>G","intron","","1","245412","0","4.075e-6","0","15262","0","0","9826","0","0","17236","0","0","21984","0","0","111292","0","0","33568","0","0","5468","0","1","30776","0"
"3","52485594","rs748414706","C","T","E","PASS","NA","","","c.318-51G>A","intron","","5","245218","0","2.039e-5","0","15248","0","0","9826","0","0","17234","0","0","21956","0","5","111150","0","0","33560","0","0","5466","0","0","30778","0"
"3","52485595","rs752066204","CA","C","E G","PASS","PASS","","","c.318-53delT","intron","","37","276162","0","0.0001340","0","23956","0","0","10128","0","0","18858","0","0","25470","0","21","126124","0","6","34396","0","1","6454","0","9","30776","0"
"3","52485605",".","C","A","G","NA","PASS","","","c.318-62G>T","intron","","1","30876","0","3.239e-5","0","8702","0","0","302","0","0","1620","0","0","3492","0","1","14946","0","0","838","0","0","976","0","0","0","0"
"3","52485709",".","A","T","E","PASS","NA","","","c.317+51T>A","intron","","1","245496","0","4.073e-6","0","15238","0","0","9816","0","0","17202","0","0","22272","0","0","111234","0","0","33522","0","0","5470","0","1","30742","0"
"3","52485713","rs772372620","C","T","E","PASS","NA","","","c.317+47G>A","intron","","3","245498","0","1.222e-5","0","15234","0","0","9822","0","0","17214","0","0","22264","0","1","111252","0","0","33512","0","0","5466","0","2","30734","0"
"3","52485714","rs773462508","G","A","E","PASS","NA","","","c.317+46C>T","intron","","1","245674","0","4.07e-6","0","15266","0","0","9820","0","0","17216","0","0","22288","0","0","111340","0","0","33524","0","1","5468","0","0","30752","0"
"3","52485714","rs773462508","G","T","E","PASS","NA","","","c.317+46C>A","intron","","1","245674","0","4.07e-6","0","15266","0","0","9820","0","0","17216","0","0","22288","0","0","111340","0","0","33524","0","0","5468","0","1","30752","0"
"3","52485722",".","T","C","E","PASS","NA","","","c.317+38A>G","intron","","1","245750","0","4.069e-6","1","15246","0","0","9836","0","0","17228","0","0","22282","0","0","111416","0","0","33516","0","0","5478","0","0","30748","0"
"3","52485724","rs771327308","T","A","E","PASS","NA","","","c.317+36A>T","intron","","1","245912","0","4.066e-6","0","15274","0","0","9836","0","0","17236","0","0","22292","0","1","111482","0","0","33538","0","0","5480","0","0","30774","0"
"3","52485729","rs201813958","C","T","E G","PASS","PASS","","","c.317+31G>A","intron","","105","276914","0","0.0003792","105","23980","0","0","10142","0","0","18858","0","0","25792","0","0","126518","0","0","34394","0","0","6456","0","0","30774","0"
"3","52485733","rs759981368","G","A","E","PASS","NA","","","c.317+27C>T","intron","","1","246098","0","4.063e-6","0","15290","0","0","9842","0","0","17242","0","0","22296","0","1","111594","0","0","33576","0","0","5480","0","0","30778","0"
"3","52485733","rs759981368","G","C","E","PASS","NA","","","c.317+27C>G","intron","","1","246098","0","4.063e-6","0","15290","0","0","9842","0","0","17242","0","0","22296","0","1","111594","0","0","33576","0","0","5480","0","0","30778","0"
"3","52485734","rs200926774","T","A","E","PASS","NA","","","c.317+26A>T","intron","","1","246058","0","4.064e-6","1","15280","0","0","9840","0","0","17240","0","0","22294","0","0","111572","0","0","33574","0","0","5480","0","0","30778","0"
"3","52485736",".","A","G","E","PASS","NA","","","c.317+24T>C","intron","","2","246126","0","8.126e-6","0","15292","0","0","9844","0","0","17244","0","0","22298","0","1","111612","0","1","33576","0","0","5482","0","0","30778","0"
"3","52485737","rs751018899","G","A","E","PASS","NA","","","c.317+23C>T","intron","","1","246156","0","4.062e-6","0","15292","0","0","9844","0","0","17244","0","0","22298","0","1","111642","0","0","33576","0","0","5480","0","0","30780","0"
"3","52485738",".","A","G","E","PASS","NA","","","c.317+22T>C","intron","","1","246148","0","4.063e-6","0","15292","0","0","9838","0","0","17242","0","0","22300","0","1","111640","0","0","33574","0","0","5482","0","0","30780","0"
"3","52485742",".","C","T","E","PASS","NA","","","c.317+18G>A","intron","","1","246172","0","4.062e-6","0","15296","0","0","9842","0","0","17244","0","0","22298","0","1","111648","0","0","33580","0","0","5484","0","0","30780","0"
"3","52485751","rs761287435","C","A","E","PASS","NA","","","c.317+9G>T","intron","","3","246210","0","1.218e-5","0","15302","0","0","9844","0","0","17246","0","0","22300","0","1","111670","0","2","33580","0","0","5486","0","0","30782","0"
"3","52485751","rs761287435","C","T","E G","PASS","PASS","","","c.317+9G>A","intron","","29","277108","0","0.0001047","1","23996","0","0","10146","0","0","18868","0","0","25794","0","7","126638","0","21","34418","0","0","6466","0","0","30782","0"
"3","52485752","rs767111898","G","A","E G","PASS","PASS","c.317+8C>T","","c.317+8C>T","splice region","","5","277132","0","1.804e-5","1","23998","0","0","10150","0","0","18866","0","0","25794","0","3","126656","0","0","34420","0","0","6466","0","1","30782","0"
"3","52485761","rs750085239","T","G","E","PASS","NA","p.Lys106Gln","p.Lys106Gln","c.316A>C","missense","","1","246242","0","4.061e-6","0","15302","0","0","9848","0","1","17246","0","0","22300","0","0","111700","0","0","33582","0","0","5486","0","0","30778","0"
"3","52485770",".","T","A","E","PASS","NA","p.Met103Leu","p.Met103Leu","c.307A>T","missense","","1","246246","0","4.061e-6","0","15302","0","0","9848","0","0","17246","0","0","22300","0","1","111702","0","0","33580","0","0","5486","0","0","30782","0"
"3","52485772","rs143020831","C","A","E","PASS","NA","p.Arg102Leu","p.Arg102Leu","c.305G>T","missense","","2","246244","0","8.122e-6","0","15302","0","0","9848","0","0","17246","0","0","22300","0","2","111698","0","0","33582","0","0","5486","0","0","30782","0"
"3","52485772","rs143020831","C","T","E","PASS","NA","p.Arg102His","p.Arg102His","c.305G>A","missense","","2","246244","0","8.122e-6","0","15302","0","0","9848","0","0","17246","0","0","22300","0","0","111698","0","1","33582","0","0","5486","0","1","30782","0"
"3","52485773","rs370103102","G","A","E","PASS","NA","p.Arg102Cys","p.Arg102Cys","c.304C>T","missense","","3","246248","0","1.218e-5","0","15302","0","0","9848","0","3","17246","0","0","22298","0","0","111704","0","0","33582","0","0","5486","0","0","30782","0"
"3","52485779","rs779157170","G","T","E","PASS","NA","p.Leu100Ile","p.Leu100Ile","c.298C>A","missense","","2","246254","0","8.122e-6","0","15302","0","0","9848","0","0","17248","0","0","22300","0","0","111706","0","0","33582","0","0","5486","0","2","30782","0"
"3","52485782",".","C","T","E","PASS","NA","p.Asp99Asn","p.Asp99Asn","c.295G>A","missense","","1","246250","0","4.061e-6","0","15302","0","0","9848","0","1","17248","0","0","22300","0","0","111702","0","0","33582","0","0","5486","0","0","30782","0"
"3","52485786","rs748288054","C","G","E","PASS","NA","p.Leu97Leu","p.Leu97Leu","c.291G>C","synonymous","","1","246258","0","4.061e-6","0","15302","0","0","9848","0","0","17248","0","0","22298","0","1","111712","0","0","33582","0","0","5486","0","0","30782","0"
"3","52485789","rs200066743","C","T","E","PASS","NA","p.Glu96Glu","p.Glu96Glu","c.288G>A","synonymous","","6","246260","0","2.436e-5","0","15304","0","0","9848","0","6","17246","0","0","22300","0","0","111712","0","0","33582","0","0","5486","0","0","30782","0"
"3","52485802",".","T","C","E","PASS","NA","p.Lys92Arg","p.Lys92Arg","c.275A>G","missense","","2","246266","0","8.121e-6","0","15302","0","0","9850","0","0","17246","0","0","22300","0","0","111718","0","2","33582","0","0","5486","0","0","30782","0"
"3","52485805",".","C","T","E","PASS","NA","p.Gly91Glu","p.Gly91Glu","c.272G>A","missense","","1","246264","0","4.061e-6","0","15302","0","0","9850","0","0","17246","0","0","22300","0","0","111716","0","0","33582","0","0","5486","0","1","30782","0"
"3","52485816","rs772247739","G","A","E","PASS","NA","p.Asp87Asp","p.Asp87Asp","c.261C>T","synonymous","","2","246270","0","8.121e-6","1","15304","0","0","9850","0","1","17246","0","0","22300","0","0","111720","0","0","33582","0","0","5486","0","0","30782","0"
"3","52485825",".","G","A","E","PASS","NA","p.Cys84Cys","p.Cys84Cys","c.252C>T","synonymous","","1","246264","0","4.061e-6","0","15304","0","0","9850","0","0","17246","0","0","22300","0","0","111714","0","0","33582","0","0","5486","0","1","30782","0"
"3","52485829",".","C","T","E","PASS","NA","p.Arg83Gln","p.Arg83Gln","c.248G>A","missense","","2","246264","0","8.121e-6","0","15304","0","1","9850","0","0","17246","0","0","22296","0","0","111718","0","0","33582","0","0","5486","0","1","30782","0"
"3","52485834","rs545564444","C","G","E","PASS","NA","p.Met81Ile","p.Met81Ile","c.243G>C","missense","","4","246260","0","1.624e-5","0","15302","0","0","9850","0","4","17248","0","0","22296","0","0","111714","0","0","33582","0","0","5486","0","0","30782","0"
"3","52485835","rs771216638","A","G","E","PASS","NA","p.Met81Thr","p.Met81Thr","c.242T>C","missense","","2","246266","0","8.121e-6","2","15302","0","0","9850","0","0","17248","0","0","22300","0","0","111716","0","0","33582","0","0","5486","0","0","30782","0"
"3","52485852","rs776989897","A","C","E","PASS","NA","p.Asp75Glu","p.Asp75Glu","c.225T>G","missense","","2","246244","0","8.122e-6","0","15304","0","0","9850","0","2","17246","0","0","22298","0","0","111696","0","0","33582","0","0","5486","0","0","30782","0"
"3","52485855","rs746394204","A","G","E","PASS","NA","p.Phe74Phe","p.Phe74Phe","c.222T>C","synonymous","","1","246242","0","4.061e-6","0","15304","0","0","9850","0","0","17246","0","0","22296","0","1","111698","0","0","33582","0","0","5484","0","0","30782","0"
"3","52485861","rs770331194","C","T","E G","PASS","PASS","p.Val72Val","p.Val72Val","c.216G>A","synonymous","","17","277134","0","6.134e-5","0","24014","0","0","10152","0","0","18870","0","0","25784","0","4","126648","0","0","34420","0","0","6464","0","13","30782","0"
"3","52485864","rs140287760","C","G","E","PASS","NA","p.Thr71Thr","p.Thr71Thr","c.213G>C","synonymous","","1","246198","0","4.062e-6","0","15302","0","0","9850","0","0","17248","0","0","22280","0","0","111670","0","0","33582","0","0","5484","0","1","30782","0"
"3","52485864","rs140287760","C","T","E","PASS","NA","p.Thr71Thr","p.Thr71Thr","c.213G>A","synonymous","","13","246198","0","5.28e-5","0","15302","0","0","9850","0","0","17248","0","0","22280","0","3","111670","0","10","33582","0","0","5484","0","0","30782","0"
"3","52485867","rs141505676","G","A","E G","PASS","PASS","p.Gly70Gly","p.Gly70Gly","c.210C>T","synonymous","","32","277122","0","0.0001155","0","24018","0","0","10152","0","1","18868","0","0","25776","0","30","126646","0","0","34418","0","1","6462","0","0","30782","0"
"3","52485867","rs141505676","G","C","E G","PASS","RF","p.Gly70Gly","p.Gly70Gly","c.210C>G","synonymous","","1","246204","0","4.062e-6","0","15304","0","0","9850","0","1","17246","0","0","22282","0","0","111678","0","0","33580","0","0","5482","0","0","30782","0"
"3","52485869","rs772752716","C","T","E","PASS","NA","p.Gly70Ser","p.Gly70Ser","c.208G>A","missense","","4","246200","0","1.625e-5","0","15304","0","0","9850","0","0","17248","0","0","22274","0","0","111676","0","4","33582","0","0","5484","0","0","30782","0"
"3","52485870","rs202173903","G","A","E","PASS","NA","p.Ser69Ser","p.Ser69Ser","c.207C>T","synonymous","","10","246166","0","4.062e-5","1","15304","0","0","9850","0","1","17248","0","0","22256","0","1","111662","0","0","33582","0","0","5482","0","7","30782","0"
"3","52485878","rs766116933","G","C","E","PASS","NA","c.203-4C>G","","c.203-4C>G","splice region","","1","246106","0","4.063e-6","0","15302","0","0","9850","0","0","17246","0","0","22210","0","1","111654","0","0","33582","0","0","5480","0","0","30782","0"
"3","52485879","rs142519988","G","A","E G","PASS","PASS","c.203-5C>T","","c.203-5C>T","splice region","","124","277068","0","0.0004475","115","24010","0","0","10152","0","0","18868","0","0","25742","0","2","126634","0","6","34420","0","0","6460","0","1","30782","0"
"3","52485883","rs754800561","G","A","E","PASS","NA","","","n.125C>T","non coding transcript exon","","1","246110","0","4.063e-6","0","15302","0","0","9850","0","0","17246","0","0","22220","0","0","111648","0","0","33580","0","0","5482","0","1","30782","0"
"3","52485884","rs727505237","G","C","E","PASS","NA","","","n.124C>G","non coding transcript exon","","4","246100","0","1.625e-5","0","15302","0","0","9850","0","4","17246","0","0","22218","0","0","111642","0","0","33580","0","0","5480","0","0","30782","0"
"3","52485886","rs755337412","C","CA","E","PASS","NA","","","n.121dupT","non coding transcript exon","","1","246092","0","4.064e-6","0","15302","0","0","9850","0","0","17246","0","0","22206","0","1","111644","0","0","33580","0","0","5482","0","0","30782","0"
"3","52485888",".","G","A","G","NA","PASS","","","n.120C>T","non coding transcript exon","","1","30936","0","3.232e-5","1","8714","0","0","302","0","0","1622","0","0","3492","0","0","14988","0","0","838","0","0","980","0","0","0","0"
"3","52485890","rs765306660","A","G","E G","PASS","PASS","","","n.118T>C","non coding transcript exon","","2","277058","0","7.219e-6","2","24020","0","0","10150","0","0","18868","0","0","25720","0","0","126642","0","0","34416","0","0","6462","0","0","30780","0"
"3","52485891",".","T","A","G","NA","PASS","","","n.117A>T","non coding transcript exon","","1","30930","0","3.233e-5","0","8712","0","0","302","0","0","1620","0","0","3494","0","1","14984","0","0","838","0","0","980","0","0","0","0"
"3","52485893","rs752678817","G","C","E","PASS","NA","","","n.115C>G","non coding transcript exon","","2","246010","0","8.13e-6","0","15298","0","0","9848","0","0","17248","0","0","22162","0","0","111612","0","0","33578","0","0","5482","0","2","30782","0"
"3","52485895","rs200430108","C","T","E","PASS","NA","","","n.113G>A","non coding transcript exon","","11","246006","0","4.471e-5","0","15302","0","0","9842","0","4","17248","0","0","22168","0","3","111604","0","2","33580","0","1","5482","0","1","30780","0"
"3","52485896","rs111372509","G","A","E G","PASS","PASS","","","n.112C>T","non coding transcript exon","","8","276866","0","2.889e-5","6","24008","0","0","10150","0","0","18866","0","0","25618","0","1","126570","0","0","34416","0","0","6460","0","1","30778","0"
"3","52485898",".","T","C","E","PASS","NA","","","n.110A>G","non coding transcript exon","","1","245952","0","4.066e-6","0","15302","0","0","9846","0","0","17244","0","0","22136","0","0","111594","0","0","33578","0","0","5474","0","1","30778","0"
"3","52485899","rs747202315","A","G","E","PASS","NA","","","n.109T>C","non coding transcript exon","","1","245956","0","4.066e-6","0","15298","0","0","9846","0","0","17244","0","0","22140","0","0","111594","0","0","33580","0","0","5476","0","1","30778","0"
"3","52485903","rs757464374","A","G","E","PASS","NA","","","n.105T>C","non coding transcript exon","","1","245812","0","4.068e-6","0","15296","0","0","9842","0","0","17244","0","0","22046","0","1","111552","0","0","33578","0","0","5474","0","0","30780","0"
"3","52485906","rs781245165","C","G","E","PASS","NA","","","n.102G>C","non coding transcript exon","","4","245720","0","1.628e-5","0","15298","0","0","9842","0","0","17244","0","0","21996","0","0","111512","0","0","33578","0","0","5472","0","4","30778","0"
"3","52485910","rs746269412","G","A","E","PASS","NA","","","n.98C>T","non coding transcript exon","","1","245558","0","4.072e-6","0","15296","0","0","9844","0","1","17244","0","0","21872","0","0","111474","0","0","33574","0","0","5474","0","0","30780","0"
"3","52485911","rs770134875","G","A","E","PASS","NA","","","n.97C>T","non coding transcript exon","","1","245600","0","4.072e-6","0","15296","0","0","9840","0","1","17244","0","0","21918","0","0","111476","0","0","33572","0","0","5474","0","0","30780","0"
"3","52485915",".","G","A","G","NA","PASS","","","n.93C>T","non coding transcript exon","","1","30906","0","3.236e-5","0","8704","0","0","302","0","0","1614","0","0","3494","0","1","14974","0","0","838","0","0","980","0","0","0","0"
"3","52485919","rs369787178","T","C","E","PASS","NA","","","n.89A>G","non coding transcript exon","","1","245334","0","4.076e-6","0","15282","0","0","9838","0","0","17244","0","0","21724","0","1","111428","0","0","33566","0","0","5472","0","0","30780","0"
"3","52485920",".","G","A","G","NA","PASS","","","n.88C>T","non coding transcript exon","","1","30916","0","3.235e-5","0","8708","0","0","302","0","0","1620","0","0","3492","0","0","14976","0","1","838","0","0","980","0","0","0","0"
"3","52485924","rs375362990","G","C","E","PASS","NA","","","n.84C>G","non coding transcript exon","","1","245106","0","4.08e-6","0","15280","0","0","9838","0","0","17240","0","0","21592","0","1","111334","0","0","33570","0","0","5472","0","0","30780","0"
"3","52485924","rs375362990","G","T","E","PASS","NA","","","n.84C>A","non coding transcript exon","","1","245106","0","4.08e-6","0","15280","0","0","9838","0","0","17240","0","0","21592","0","0","111334","0","1","33570","0","0","5472","0","0","30780","0"
"3","52485927",".","G","C","G","NA","PASS","","","n.81C>G","non coding transcript exon","","1","30908","0","3.235e-5","0","8704","0","0","302","0","0","1620","0","0","3492","0","1","14974","0","0","838","0","0","978","0","0","0","0"
"3","52485934",".","C","T","G","NA","PASS","","","n.74G>A","non coding transcript exon","","1","30898","0","3.236e-5","0","8698","0","0","302","0","0","1616","0","0","3494","0","1","14972","0","0","836","0","0","980","0","0","0","0"
"3","52485939",".","C","T","G","NA","PASS","","","n.69G>A","non coding transcript exon","","2","30908","0","6.471e-5","2","8702","0","0","302","0","0","1620","0","0","3492","0","0","14974","0","0","838","0","0","980","0","0","0","0"
"3","52485945",".","C","G","G","NA","PASS","","","n.63G>C","non coding transcript exon","","1","30922","0","3.234e-5","1","8720","0","0","302","0","0","1620","0","0","3490","0","0","14972","0","0","838","0","0","980","0","0","0","0"
"3","52485959","rs750694109","G","A","G","NA","PASS","","","n.49C>T","non coding transcript exon","","2","30910","0","6.47e-5","0","8714","0","0","302","0","2","1620","0","0","3490","0","0","14970","0","0","838","0","0","976","0","0","0","0"
"3","52485961","rs528104305","A","C","G","NA","PASS","","","n.47T>G","non coding transcript exon","","1","30904","0","3.236e-5","0","8716","0","0","302","0","0","1620","0","0","3492","0","1","14958","0","0","838","0","0","978","0","0","0","0"
"3","52485976",".","G","A","G","NA","PASS","","","n.32C>T","non coding transcript exon","","1","30916","0","3.235e-5","0","8712","0","0","302","0","0","1620","0","0","3494","0","1","14972","0","0","838","0","0","978","0","0","0","0"
"3","52485980",".","G","A","G","NA","PASS","","","n.28C>T","non coding transcript exon","","2","30922","0","6.468e-5","2","8718","0","0","302","0","0","1620","0","0","3494","0","0","14970","0","0","838","0","0","980","0","0","0","0"
"3","52485986",".","T","G","G","NA","PASS","","","n.22A>C","non coding transcript exon","","1","30932","0","3.233e-5","1","8710","0","0","302","0","0","1622","0","0","3492","0","0","14988","0","0","836","0","0","982","0","0","0","0"
"3","52485993",".","C","T","G","NA","PASS","","","n.15G>A","non coding transcript exon","","1","30938","0","3.232e-5","0","8720","0","0","302","0","0","1622","0","0","3494","0","0","14982","0","1","838","0","0","980","0","0","0","0"
"3","52486015",".","G","A","G","NA","PASS","","","c.202+107C>T","intron","","1","30918","0","3.234e-5","0","8714","0","0","302","0","0","1618","0","0","3494","0","1","14970","0","0","838","0","0","982","0","0","0","0"
"3","52486022",".","AAGGCTCGGAT","A","G","NA","PASS","","","c.202+90_202+99delATCCGAGCCT","intron","","1","30904","0","3.236e-5","1","8708","0","0","302","0","0","1618","0","0","3492","0","0","14964","0","0","838","0","0","982","0","0","0","0"
"3","52486025",".","G","A","G","NA","PASS","","","c.202+97C>T","intron","","1","30912","0","3.235e-5","0","8714","0","0","302","0","0","1618","0","0","3492","0","0","14966","0","1","838","0","0","982","0","0","0","0"
"3","52486026","rs762990056","C","T","G","NA","PASS","","","c.202+96G>A","intron","","1","30922","0","3.234e-5","0","8718","0","0","302","0","0","1618","0","0","3494","0","1","14970","0","0","838","0","0","982","0","0","0","0"
"3","52486029",".","G","A","G","NA","PASS","","","c.202+93C>T","intron","","2","30908","0","6.471e-5","0","8710","0","0","300","0","0","1618","0","0","3494","0","2","14966","0","0","838","0","0","982","0","0","0","0"
"3","52486044","rs546172703","C","T","G","NA","PASS","","","c.202+78G>A","intron","","22","30914","0","0.0007117","1","8712","0","0","302","0","0","1618","0","3","3494","0","14","14970","0","0","838","0","4","980","0","0","0","0"
"3","52486049",".","A","G","G","NA","PASS","","","c.202+73T>C","intron","","1","30920","0","3.234e-5","1","8718","0","0","302","0","0","1620","0","0","3490","0","0","14970","0","0","838","0","0","982","0","0","0","0"
"3","52486051",".","C","A","G","NA","PASS","","","c.202+71G>T","intron","","1","30934","0","3.233e-5","1","8724","0","0","302","0","0","1620","0","0","3492","0","0","14978","0","0","838","0","0","980","0","0","0","0"
"3","52486057","rs200621464","A","G","G","NA","PASS","","","c.202+65T>C","intron","","35","30926","0","0.001132","32","8718","0","0","302","0","0","1620","0","0","3490","0","0","14976","0","0","838","0","3","982","0","0","0","0"
"3","52486075",".","C","G","E","PASS","NA","","","c.202+47G>C","intron","","1","245054","0","4.081e-6","0","15188","0","0","9822","0","1","17248","0","0","22166","0","0","110798","0","0","33578","0","0","5476","0","0","30778","0"
"3","52486077","rs749736910","C","T","E","PASS","NA","","","c.202+45G>A","intron","","1","245094","0","4.08e-6","0","15186","0","0","9820","0","0","17248","0","0","22172","0","0","110838","0","0","33574","0","0","5476","0","1","30780","0"
"3","52486079","rs183307741","G","A","E","PASS","NA","","","c.202+43C>T","intron","","3","245084","0","1.224e-5","0","15186","0","0","9824","0","0","17248","0","0","22168","0","3","110824","0","0","33578","0","0","5476","0","0","30780","0"
"3","52486079","rs183307741","G","C","E","PASS","NA","","","c.202+43C>G","intron","","3","245084","0","1.224e-5","3","15186","0","0","9824","0","0","17248","0","0","22168","0","0","110824","0","0","33578","0","0","5476","0","0","30780","0"
"3","52486087",".","G","C","E","PASS","NA","","","c.202+35C>G","intron","","1","245460","0","4.074e-6","0","15220","0","0","9838","0","0","17248","0","0","22216","0","0","111096","0","1","33580","0","0","5480","0","0","30782","0"
"3","52486094",".","T","C","E","PASS","NA","","","c.202+28A>G","intron","","1","245638","0","4.071e-6","0","15258","0","1","9842","0","0","17248","0","0","22246","0","0","111202","0","0","33580","0","0","5482","0","0","30780","0"
"3","52486095",".","C","T","E","PASS","NA","","","c.202+27G>A","intron","","1","245634","0","4.071e-6","0","15250","0","0","9844","0","0","17248","0","0","22248","0","0","111202","0","1","33580","0","0","5482","0","0","30780","0"
"3","52486100",".","G","A","E","PASS","NA","","","c.202+22C>T","intron","","1","245704","0","4.07e-6","0","15256","0","0","9842","0","0","17248","0","0","22246","0","0","111268","0","0","33580","0","0","5484","0","1","30780","0"
"3","52486103",".","T","C","E","PASS","NA","","","c.202+19A>G","intron","","1","245758","0","4.069e-6","0","15258","0","0","9842","0","0","17248","0","0","22238","0","1","111326","0","0","33582","0","0","5484","0","0","30780","0"
"3","52486107",".","G","C","E","PASS","NA","","","c.202+15C>G","intron","","1","245858","0","4.067e-6","0","15274","0","0","9844","0","1","17248","0","0","22262","0","0","111384","0","0","33582","0","0","5484","0","0","30780","0"
"3","52486110","rs760268974","G","A","E","PASS","NA","","","c.202+12C>T","intron","","2","245904","0","8.133e-6","0","15284","0","0","9844","0","2","17248","0","0","22270","0","0","111414","0","0","33582","0","0","5482","0","0","30780","0"
"3","52486112","rs766106971","G","A","E","PASS","NA","","","c.202+10C>T","intron","","1","245880","0","4.067e-6","0","15288","0","0","9848","0","0","17248","0","0","22256","0","1","111394","0","0","33582","0","0","5484","0","0","30780","0"
"3","52486116","rs776392469","G","A","E","PASS","NA","c.202+6C>T","","c.202+6C>T","splice region","","1","245890","0","4.067e-6","0","15288","0","0","9846","0","1","17248","0","0","22266","0","0","111400","0","0","33580","0","0","5482","0","0","30780","0"
"3","52486117","rs759472560","C","G","E G","PASS","PASS","c.202+5G>C","","c.202+5G>C","splice region","","12","276814","0","4.335e-5","0","24016","0","0","10148","0","0","18870","0","0","25756","0","12","126364","0","0","34416","0","0","6464","0","0","30780","0"
"3","52486119","rs765114743","C","T","E","PASS","NA","c.202+3G>A","","c.202+3G>A","splice region","","1","245952","0","4.066e-6","0","15300","0","0","9846","0","0","17248","0","0","22278","0","1","111434","0","0","33582","0","0","5484","0","0","30780","0"
"3","52486122",".","C","T","E","PASS","NA","p.Gly68Ser","p.Gly68Ser","c.202G>A","missense","","1","245940","0","4.066e-6","0","15298","0","0","9844","0","0","17248","0","0","22272","0","1","111434","0","0","33582","0","0","5482","0","0","30780","0"
"3","52486123","rs150881554","G","A","E G","PASS","PASS","c.201C>T","p.Asp67Asp","c.201C>T","splice region","","71","276926","0","0.0002564","54","24018","0","0","10148","0","0","18870","0","0","25776","0","6","126450","0","9","34420","0","1","6464","0","1","30780","0"
"3","52486129","rs370426309","G","A","E G","PASS","PASS","p.Asp65Asp","p.Asp65Asp","c.195C>T","synonymous","","4","276944","0","1.444e-5","1","24018","0","0","10148","0","0","18870","0","0","25766","0","2","126484","0","0","34418","0","0","6462","0","1","30778","0"
"3","52486137",".","C","CATCGATCA","G","NA","PASS","p.Glu63Ter","p.Glu63Ter","c.179_186dupTGATCGAT","stop gained","","1","30944","0","3.232e-5","0","8728","0","0","302","0","0","1622","0","0","3494","0","1","14982","0","0","838","0","0","978","0","0","0","0"
"3","52486141","rs764114178","G","A","E","PASS","NA","p.Ile61Ile","p.Ile61Ile","c.183C>T","synonymous","","3","246120","0","1.219e-5","0","15300","0","0","9846","0","0","17244","0","0","22286","0","3","111598","0","0","33582","0","0","5484","0","0","30780","0"
"3","52486144",".","C","T","G","NA","PASS","p.Met60Ile","p.Met60Ile","c.180G>A","missense","","2","30944","0","6.463e-5","0","8728","0","0","302","0","0","1622","0","0","3494","0","2","14980","0","0","838","0","0","980","0","0","0","0"
"3","52486156","rs199523612","C","T","E","PASS","NA","p.Glu56Glu","p.Glu56Glu","c.168G>A","synonymous","","1","246194","0","4.062e-6","0","15304","0","0","9846","0","0","17246","0","0","22294","0","1","111656","0","0","33582","0","0","5484","0","0","30782","0"
"3","52486161","rs781712996","CA","C","E","PASS","NA","p.Glu55ArgfsTer6","p.Glu55ArgfsTer6","c.162delT","frameshift","","1","246198","0","4.062e-6","0","15302","0","0","9850","0","1","17246","0","0","22296","0","0","111656","0","0","33582","0","0","5484","0","0","30782","0"
"3","52486180",".","C","A","G","NA","PASS","p.Leu48Leu","p.Leu48Leu","c.144G>T","synonymous","","1","30934","0","3.233e-5","0","8718","0","0","302","0","0","1620","0","0","3494","0","1","14980","0","0","838","0","0","982","0","0","0","0"
"3","52486180",".","C","T","E","PASS","NA","p.Leu48Leu","p.Leu48Leu","c.144G>A","synonymous","","1","246214","0","4.062e-6","0","15302","0","0","9848","0","1","17248","0","0","22290","0","0","111678","0","0","33582","0","0","5486","0","0","30780","0"
"3","52486186",".","C","T","G","NA","PASS","p.Arg46Arg","p.Arg46Arg","c.138G>A","synonymous","","1","30948","0","3.231e-5","0","8724","0","0","302","0","0","1622","0","0","3492","0","0","14988","0","1","838","0","0","982","0","0","0","0"
"3","52486198",".","G","A","G","NA","PASS","p.Gly42Gly","p.Gly42Gly","c.126C>T","synonymous","","1","30926","0","3.234e-5","0","8718","0","0","302","0","0","1620","0","0","3492","0","0","14974","0","1","838","0","0","982","0","0","0","0"
"3","52486201","rs757250535","C","T","E","PASS","NA","p.Leu41Leu","p.Leu41Leu","c.123G>A","synonymous","","1","246212","0","4.062e-6","0","15304","0","0","9848","0","1","17248","0","0","22278","0","0","111690","0","0","33582","0","0","5482","0","0","30780","0"
"3","52486216","rs202000367","G","A","E","PASS","NA","p.Ile36Ile","p.Ile36Ile","c.108C>T","synonymous","","1","246178","0","4.062e-6","0","15304","0","0","9848","0","0","17248","0","0","22244","0","1","111688","0","0","33582","0","0","5484","0","0","30780","0"
"3","52486216","rs202000367","G","T","E G","PASS","PASS","p.Ile36Ile","p.Ile36Ile","c.108C>A","synonymous","","152","277110","0","0.0005485","0","24016","0","0","10150","0","85","18868","0","5","25736","0","50","126676","0","0","34420","0","1","6464","0","11","30780","0"
"3","52486219",".","G","A","G","NA","PASS","p.Cys35Cys","p.Cys35Cys","c.105C>T","synonymous","","1","30944","0","3.232e-5","0","8718","0","0","302","0","0","1622","0","0","3492","0","1","14992","0","0","838","0","0","980","0","0","0","0"
"3","52486233","rs397514616","C","T","G","NA","PASS","p.Ala31Thr","p.Ala31Thr","c.91G>A","missense","","1","30936","0","3.232e-5","0","8720","0","0","302","0","0","1622","0","0","3488","0","1","14984","0","0","838","0","0","982","0","0","0","0"
"3","52486234","rs149647795","G","A","E","PASS","NA","p.Gly30Gly","p.Gly30Gly","c.90C>T","synonymous","","4","245916","0","1.627e-5","0","15304","0","0","9848","0","0","17246","0","0","22032","0","0","111642","0","0","33580","0","0","5482","0","4","30782","0"
"3","52486238","rs267607123","A","T","E","PASS","NA","p.Leu29Gln","p.Leu29Gln","c.86T>A","missense","","1","245984","0","4.065e-6","0","15304","0","0","9850","0","0","17246","0","1","22082","0","0","111660","0","0","33580","0","0","5480","0","0","30782","0"
"3","52486240",".","C","G","E","PASS","NA","p.Val28Val","p.Val28Val","c.84G>C","synonymous","","1","245886","0","4.067e-6","1","15304","0","0","9850","0","0","17246","0","0","22000","0","0","111642","0","0","33580","0","0","5482","0","0","30782","0"
"3","52486243","rs756483143","G","A","E","PASS","NA","p.Phe27Phe","p.Phe27Phe","c.81C>T","synonymous","","5","245612","0","2.036e-5","0","15304","0","0","9848","0","0","17248","0","0","21736","0","5","111636","0","0","33580","0","0","5478","0","0","30782","0"
"3","52486252","rs751682878","G","A","E","PASS","NA","p.Phe24Phe","p.Phe24Phe","c.72C>T","synonymous","","5","245218","0","2.039e-5","0","15300","0","0","9848","0","1","17246","0","0","21354","0","3","111636","0","0","33580","0","0","5474","0","1","30780","0"
"3","52486255","rs144626356","G","A","E G","RF|AC0","PASS","p.Ala23Ala","p.Ala23Ala","c.69C>T","synonymous","","1","30936","0","3.232e-5","1","8726","0","0","302","0","0","1622","0","0","3488","0","0","14978","0","0","838","0","0","982","0","0","0","0"
"3","52486262",".","T","G","E","PASS","NA","p.Lys21Thr","p.Lys21Thr","c.62A>C","missense","","1","244264","0","4.094e-6","0","15302","0","0","9850","0","0","17246","0","0","20462","0","0","111576","0","1","33580","0","0","5468","0","0","30780","0"
"3","52486274","rs769155812","T","A","E","PASS","NA","c.56-6A>T","","c.56-6A>T","splice region","","1","242926","0","4.116e-6","0","15280","0","0","9848","0","0","17248","0","0","19220","0","0","111512","0","0","33578","0","0","5460","0","1","30780","0"
"3","52486276","rs727503495","C","T","E G","PASS","PASS","c.56-8G>A","","c.56-8G>A","splice region","","5","273504","0","1.828e-5","0","24000","0","0","10150","0","0","18870","0","0","22408","0","5","126442","0","0","34416","0","0","6438","0","0","30780","0"
"3","52486277","rs727503497","A","G","E","PASS","NA","","","c.56-9T>C","intron","","7","242438","0","2.887e-5","0","15282","0","0","9846","0","0","17248","0","0","18776","0","1","111468","0","0","33576","0","0","5462","0","6","30780","0"
"3","52486280",".","G","A","E","PASS","NA","","","c.56-12C>T","intron","","1","241762","0","4.136e-6","0","15280","0","0","9846","0","0","17242","0","0","18170","0","0","111414","0","1","33578","0","0","5452","0","0","30780","0"
"3","52486281","rs770343636","G","T","E","PASS","NA","","","c.56-13C>A","intron","","1","241608","0","4.139e-6","0","15272","0","0","9844","0","0","17240","0","0","18032","0","1","111410","0","0","33578","0","0","5452","0","0","30780","0"
"3","52486282","rs776484201","T","G","E","PASS","NA","","","c.56-14A>C","intron","","1","241482","0","4.141e-6","1","15276","0","0","9846","0","0","17240","0","0","17896","0","0","111414","0","0","33578","0","0","5452","0","0","30780","0"
"3","52486283","rs752347647","T","TG","E","PASS","NA","","","c.56-16dupC","intron","","2","241226","0","8.291e-6","0","15266","0","0","9838","0","0","17240","0","0","17754","0","2","111332","0","0","33578","0","0","5440","0","0","30778","0"
"3","52486285",".","G","T","E","PASS","NA","","","c.56-17C>A","intron","","1","240996","0","4.149e-6","0","15270","0","0","9842","0","0","17238","0","0","17500","0","0","111350","0","0","33576","0","0","5442","0","1","30778","0"
"3","52486290","rs759210950","C","T","E","PASS","NA","","","c.56-22G>A","intron","","3","240340","0","1.248e-5","0","15266","0","0","9840","0","0","17236","0","0","16980","0","3","111222","0","0","33576","0","0","5440","0","0","30780","0"
"3","52486295",".","T","C","E","PASS","NA","","","c.56-27A>G","intron","","1","239944","0","4.168e-6","0","15266","0","0","9834","0","0","17236","0","0","16658","0","1","111154","0","0","33574","0","0","5442","0","0","30780","0"
"3","52486300","rs769720275","A","G","E","PASS","NA","","","c.56-32T>C","intron","","3","239108","0","1.255e-5","0","15256","0","0","9830","0","0","17222","0","0","16000","0","3","111022","0","0","33564","0","0","5434","0","0","30780","0"
"3","52486312",".","C","T","E","PASS","NA","","","c.56-44G>A","intron","","2","238276","0","8.394e-6","0","15216","0","0","9820","0","0","17216","0","0","15390","0","0","110884","0","0","33560","0","0","5418","0","2","30772","0"
"3","52486313","rs755805478","CAGGACCACGGAGGGCCAG","C","E","PASS","NA","","","c.56-63_56-46delCTGGCCCTCCGTGGTCCT","intron","","3","238314","0","1.259e-5","0","15210","0","0","9822","0","3","17216","0","0","15430","0","0","110884","0","0","33560","0","0","5418","0","0","30774","0"
"3","52486317","rs762823512","A","C","E","PASS","NA","","","c.56-49T>G","intron","","5","238084","0","2.1e-5","0","15208","0","0","9822","0","0","17212","0","0","15300","0","5","110802","0","0","33554","0","0","5416","0","0","30770","0"
"3","52486321","rs188248995","C","T","G","NA","PASS","","","c.56-53G>A","intron","","5","30938","0","0.0001616","1","8716","0","0","302","0","0","1622","0","2","3492","0","2","14986","0","0","838","0","0","982","0","0","0","0"
"3","52486322",".","G","A","G","NA","PASS","","","c.56-54C>T","intron","","1","30928","0","3.233e-5","1","8716","0","0","302","0","0","1622","0","0","3492","0","0","14976","0","0","838","0","0","982","0","0","0","0"
"3","52486331",".","G","C","G","NA","PASS","","","c.56-63C>G","intron","","1","30918","0","3.234e-5","0","8718","0","0","302","0","0","1622","0","0","3490","0","1","14966","0","0","838","0","0","982","0","0","0","0"
"3","52486335",".","C","G","G","NA","PASS","","","c.56-67G>C","intron","","2","30920","0","6.468e-5","1","8722","0","0","302","0","0","1622","0","0","3488","0","1","14970","0","0","838","0","0","978","0","0","0","0"
"3","52486450","rs764129813","T","C","E","PASS","NA","","","c.55+49A>G","intron","","4","233938","0","1.71e-5","0","14286","0","0","9512","0","0","16538","0","0","21314","0","0","105266","0","4","32124","0","0","5264","0","0","29634","0"
"3","52486464","rs368863629","C","T","E","PASS","NA","","","c.55+35G>A","intron","","17","239924","0","7.086e-5","0","14712","0","0","9664","0","0","16932","0","1","21784","0","15","108514","0","0","32888","0","0","5370","0","1","30060","0"
"3","52486475",".","C","G","E","PASS","NA","","","c.55+24G>C","intron","","1","242634","0","4.121e-6","0","14938","0","0","9722","0","0","17086","0","0","22020","0","0","109912","0","1","33204","0","0","5408","0","0","30344","0"
"3","52486477",".","C","T","E","PASS","NA","","","c.55+22G>A","intron","","1","242974","0","4.116e-6","0","14966","0","0","9732","0","0","17096","0","0","22032","0","0","110100","0","1","33240","0","0","5418","0","0","30390","0"
"3","52486478",".","A","C","E","PASS","NA","","","c.55+21T>G","intron","","2","243252","0","8.222e-6","0","15004","0","0","9744","0","0","17112","0","0","22056","0","0","110230","0","2","33278","0","0","5420","0","0","30408","0"
"3","52486486",".","T","C","E","PASS","NA","","","c.55+13A>G","intron","","2","243810","0","8.203e-6","0","15036","0","0","9760","0","0","17142","0","0","22112","0","0","110506","0","2","33362","0","0","5430","0","0","30462","0"
"3","52486488",".","G","C","E","PASS","NA","","","c.55+11C>G","intron","","2","243790","0","8.204e-6","0","15056","0","0","9758","0","0","17126","0","0","22102","0","2","110480","0","0","33366","0","0","5430","0","0","30472","0"
"3","52486490","rs750647348","G","T","E","PASS","NA","","","c.55+9C>A","intron","","7","244026","0","2.869e-5","0","15072","0","6","9764","0","0","17136","0","0","22124","0","1","110620","0","0","33376","0","0","5434","0","0","30500","0"
"3","52486494",".","C","T","E","PASS","NA","c.55+5G>A","","c.55+5G>A","splice region","","2","244166","0","8.191e-6","0","15070","0","0","9764","0","0","17166","0","0","22142","0","2","110658","0","0","33394","0","0","5438","0","0","30534","0"
"3","52486538",".","G","T","E","PASS","NA","","","c.-117C>A","5' UTR","","1","243490","0","4.107e-6","0","14966","0","0","9758","0","0","17124","0","0","22150","0","1","110324","0","0","33314","0","0","5438","0","0","30416","0"
"3","52486541",".","A","C","E","PASS","NA","","","c.-120T>G","5' UTR","","1","243186","0","4.112e-6","0","14940","0","0","9756","0","0","17110","0","0","22134","0","1","110158","0","0","33286","0","0","5430","0","0","30372","0"
"3","52486548",".","C","T","E G","PASS","PASS","","","c.-127G>A","5' UTR","","3","273118","0","1.098e-5","0","23594","0","0","10026","0","0","18664","0","0","25554","0","3","124680","0","0","33994","0","0","6398","0","0","30208","0"
"3","52486551",".","A","C","E","PASS","NA","","","c.-130T>G","5' UTR","","1","241890","0","4.134e-6","0","14854","0","0","9718","0","0","17034","0","0","22060","0","1","109532","0","0","33106","0","0","5410","0","0","30176","0"
"3","52486579","rs754280319","T","C","E","PASS","NA","","","c.-158A>G","5' UTR","","1","229160","0","4.364e-6","1","13852","0","0","9404","0","0","16338","0","0","21216","0","0","103002","0","0","31428","0","0","5202","0","0","28718","0"
"3","52486613","rs371023549","T","C","G","NA","PASS","","","c.-192A>G","5' UTR","","9","30952","0","0.0002908","8","8730","0","0","302","0","0","1622","0","0","3488","0","0","14990","0","1","838","0","0","982","0","0","0","0"
"3","52486652",".","G","A","G","NA","PASS","","","c.-231C>T","5' UTR","","3","30946","0","9.694e-5","0","8720","0","0","302","0","3","1622","0","0","3492","0","0","14990","0","0","838","0","0","982","0","0","0","0"
"3","52486653",".","G","A","G","NA","PASS","","","c.-232C>T","5' UTR","","1","30936","0","3.232e-5","0","8722","0","0","302","0","0","1622","0","1","3488","0","0","14982","0","0","838","0","0","982","0","0","0","0"
"3","52486674",".","T","G","G","NA","PASS","","","c.-253A>C","5' UTR","","1","30936","0","3.232e-5","0","8716","0","0","302","0","0","1620","0","0","3488","0","1","14990","0","0","838","0","0","982","0","0","0","0"
"3","52486681","rs141880897","A","G","G","NA","PASS","","","c.-260T>C","5' UTR","","97","30942","1","0.003135","7","8722","0","0","302","0","16","1620","0","5","3488","0","62","14992","0","0","838","0","7","980","1","0","0","0"
"3","52486685",".","C","T","G","NA","PASS","","","c.-264G>A","5' UTR","","2","30952","0","6.462e-5","2","8726","0","0","302","0","0","1622","0","0","3490","0","0","14996","0","0","838","0","0","978","0","0","0","0"
"3","52486692",".","G","A","G","NA","PASS","","","c.-271C>T","5' UTR","","1","30932","0","3.233e-5","1","8720","0","0","300","0","0","1620","0","0","3488","0","0","14988","0","0","838","0","0","978","0","0","0","0"
"3","52486706",".","C","T","G","NA","PASS","","","c.-285G>A","5' UTR","","1","30956","0","3.23e-5","0","8726","0","0","302","0","0","1622","0","0","3490","0","0","14998","0","0","838","0","1","980","0","0","0","0"
"3","52486713",".","C","T","G","NA","PASS","","","c.-292G>A","5' UTR","","2","30942","0","6.464e-5","0","8720","0","0","302","0","0","1622","0","0","3488","0","2","14992","0","0","838","0","0","980","0","0","0","0"
"3","52486714","rs771901156","G","A","G","NA","PASS","","","c.-293C>T","5' UTR","","4","30940","0","0.0001293","0","8724","0","1","302","0","0","1622","0","0","3490","0","3","14982","0","0","838","0","0","982","0","0","0","0"
"3","52486720",".","G","A","G","NA","PASS","","","c.-299C>T","5' UTR","","1","30954","0","3.231e-5","1","8726","0","0","302","0","0","1622","0","0","3492","0","0","14994","0","0","838","0","0","980","0","0","0","0"
"3","52486746",".","A","G","G","NA","PASS","","","c.-325T>C","5' UTR","","1","30930","0","3.233e-5","1","8718","0","0","302","0","0","1622","0","0","3492","0","0","14976","0","0","838","0","0","982","0","0","0","0"
"3","52486781",".","T","C","G","NA","PASS","","","c.-360A>G","5' UTR","","2","30940","0","6.464e-5","2","8726","0","0","302","0","0","1620","0","0","3492","0","0","14980","0","0","838","0","0","982","0","0","0","0"
"3","52486786","rs539117227","A","G","G","NA","PASS","","","c.-365T>C","5' UTR","","5","30958","0","0.0001615","0","8732","0","0","302","0","5","1622","0","0","3492","0","0","14992","0","0","838","0","0","980","0","0","0","0"
"3","52486787","rs559120356","G","C","G","NA","PASS","","","c.-366C>G","5' UTR","","1","30960","0","3.23e-5","0","8732","0","0","302","0","0","1622","0","0","3494","0","1","14990","0","0","838","0","0","982","0","0","0","0"
"3","52486790",".","A","G","G","NA","PASS","","","c.-369T>C","5' UTR","","2","30954","0","6.461e-5","0","8728","0","0","302","0","0","1622","0","0","3494","0","2","14990","0","0","838","0","0","980","0","0","0","0"
"3","52486792","rs554783707","C","T","G","NA","PASS","","","c.-371G>A","5' UTR","","219","30948","4","0.007076","17","8726","0","0","302","0","0","1622","0","30","3494","1","162","14984","3","2","838","0","8","982","0","0","0","0"
"3","52486838","rs747129393","C","T","G","NA","PASS","","","c.-417G>A","5' UTR","","1","30954","0","3.231e-5","0","8726","0","0","302","0","0","1620","0","0","3494","0","1","14992","0","0","838","0","0","982","0","0","0","0"
"3","52486860","rs192260650","T","C","G","NA","PASS","","","c.25-331A>G","intron","","1","30932","0","3.233e-5","0","8722","0","0","302","0","1","1622","0","0","3492","0","0","14978","0","0","838","0","0","978","0","0","0","0"
"3","52486893",".","G","A","G","NA","PASS","","","c.25-364C>T","intron","","5","30966","0","0.0001615","5","8730","0","0","302","0","0","1622","0","0","3494","0","0","14998","0","0","838","0","0","982","0","0","0","0"
"3","52486901",".","C","T","G","NA","PASS","","","c.25-372G>A","intron","","1","30968","0","3.229e-5","0","8732","0","0","302","0","0","1622","0","0","3494","0","1","14998","0","0","838","0","0","982","0","0","0","0"
"3","52486902","rs115716895","G","A","G","NA","PASS","","","c.25-373C>T","intron","","1243","30964","43","0.04014","73","8732","1","16","302","0","0","1622","0","350","3494","18","746","14994","23","18","838","1","40","982","0","0","0","0"
"3","52486912","rs763113010","C","T","G","NA","PASS","","","c.25-383G>A","intron","","4","30962","0","0.0001292","0","8730","0","0","302","0","0","1622","0","0","3492","0","3","14998","0","1","838","0","0","980","0","0","0","0"
"3","52486913",".","C","G","G","NA","PASS","","","c.25-384G>C","intron","","1","30964","0","3.23e-5","0","8732","0","0","302","0","0","1622","0","0","3490","0","1","14998","0","0","838","0","0","982","0","0","0","0"
"3","52487940","rs552560997","C","A","G","NA","PASS","","","c.24+68G>T","intron","","1","30944","0","3.232e-5","0","8722","0","0","302","0","0","1622","0","0","3494","0","1","14988","0","0","838","0","0","978","0","0","0","0"
"3","52487941",".","G","A","G","NA","PASS","","","c.24+67C>T","intron","","4","30930","0","0.0001293","4","8720","0","0","302","0","0","1622","0","0","3492","0","0","14978","0","0","838","0","0","978","0","0","0","0"
"3","52487941",".","G","T","G","NA","PASS","","","c.24+67C>A","intron","","1","30930","0","3.233e-5","1","8720","0","0","302","0","0","1622","0","0","3492","0","0","14978","0","0","838","0","0","978","0","0","0","0"
"3","52487942",".","C","A","G","NA","PASS","","","c.24+66G>T","intron","","2","30948","0","6.462e-5","0","8726","0","0","302","0","2","1622","0","0","3494","0","0","14988","0","0","838","0","0","978","0","0","0","0"
"3","52487962",".","C","T","G","NA","PASS","","","c.24+46G>A","intron","","1","30942","0","3.232e-5","0","8722","0","0","302","0","1","1622","0","0","3492","0","0","14988","0","0","838","0","0","978","0","0","0","0"
"3","52487979",".","CCCCAGCCCTA","C","E","PASS","NA","","","c.24+19_24+28delTAGGGCTGGG","intron","","1","194402","0","5.144e-6","0","11230","0","0","8850","0","0","14308","0","0","17518","0","1","82492","0","0","29518","0","0","4560","0","0","25926","0"
"3","52487995","rs748590123","C","A","E G","RF","PASS","","","c.24+13G>T","intron","","1","30936","0","3.232e-5","1","8724","0","0","302","0","0","1620","0","0","3492","0","0","14978","0","0","838","0","0","982","0","0","0","0"
"3","52487998","rs770581962","T","C","E G","RF","PASS","","","c.24+10A>G","intron","","2","30916","0","6.469e-5","0","8722","0","0","302","0","0","1620","0","0","3492","0","2","14964","0","0","838","0","0","978","0","0","0","0"
"3","52488037","rs201615917","C","T","E G","RF","PASS","","","c.-6G>A","5' UTR","","3","30930","0","9.699e-5","0","8726","0","0","302","0","1","1622","0","0","3494","0","2","14968","0","0","836","0","0","982","0","0","0","0"
"3","52488046","rs774355933","G","C","E","PASS","NA","","","c.-15C>G","5' UTR","","4","179270","0","2.231e-5","0","9998","0","0","8690","0","0","13150","0","0","16382","0","0","74230","0","3","27814","0","1","4290","0","0","24716","0"
"3","52488071",".","G","A","E","PASS","NA","","","c.-40C>T","5' UTR","","4","168512","0","2.374e-5","0","9158","0","0","8534","0","1","12168","0","0","15846","0","0","68318","0","3","26340","0","0","4114","0","0","24034","0"
"3","52488072","rs528569236","G","A","E G","RF","PASS","","","c.-41C>T","5' UTR","","1","30894","0","3.237e-5","1","8712","0","0","300","0","0","1622","0","0","3494","0","0","14950","0","0","836","0","0","980","0","0","0","0"
"3","52488082","rs748823816","TA","T","E","PASS","NA","","","c.-52delT","5' UTR","","1","163770","0","6.106e-6","0","8802","0","0","8458","0","0","11702","0","0","15682","0","0","65688","0","0","25678","0","0","4054","0","1","23706","0"
"3","52488094",".","C","T","G","NA","PASS","","","","upstream gene","","1","30924","0","3.234e-5","0","8714","0","0","302","0","0","1622","0","0","3494","0","1","14976","0","0","836","0","0","980","0","0","0","0"
"3","52488097",".","C","T","G","NA","PASS","","","","upstream gene","","1","30916","0","3.235e-5","0","8716","0","0","300","0","0","1622","0","0","3494","0","1","14968","0","0","836","0","0","980","0","0","0","0"
"3","52488098",".","G","A","G","NA","PASS","","","","upstream gene","","2","30908","0","6.471e-5","0","8704","0","0","302","0","0","1622","0","0","3492","0","2","14976","0","0","836","0","0","976","0","0","0","0"
"3","52488108",".","T","TGGCCCAGCCCAGCCC","G","NA","PASS","","","","upstream gene","","1","30886","0","3.238e-5","0","8702","0","0","302","0","0","1622","0","0","3492","0","1","14952","0","0","836","0","0","980","0","0","0","0"
"3","52488109","rs540876017","G","GGCCCA","G","NA","PASS","","","","upstream gene","","2","30890","0","6.475e-5","1","8708","0","0","302","0","0","1620","0","0","3490","0","1","14956","0","0","836","0","0","978","0","0","0","0"
"3","52488109","rs540876017","G","GGCCCAGCCCA","G","NA","PASS","","","","upstream gene","","1","30890","0","3.237e-5","1","8708","0","0","302","0","0","1620","0","0","3490","0","0","14956","0","0","836","0","0","978","0","0","0","0"
"3","52488109","rs540876017","GGCCCA","G","G","NA","PASS","","","","upstream gene","","41","30890","0","0.001327","41","8708","0","0","302","0","0","1620","0","0","3490","0","0","14956","0","0","836","0","0","978","0","0","0","0"
"3","52488112","rs548700302","C","T","G","NA","PASS","","","","upstream gene","","2","30868","0","6.479e-5","1","8702","0","0","302","0","0","1622","0","0","3486","0","0","14944","0","1","836","0","0","976","0","0","0","0"
"3","52488114","rs112175699","A","G","G","NA","PASS","","","","upstream gene","","43","30816","0","0.001395","43","8686","0","0","302","0","0","1620","0","0","3484","0","0","14922","0","0","834","0","0","968","0","0","0","0"
"3","52488128","rs537624736","C","A","G","NA","PASS","","","","upstream gene","","4","30832","0","0.0001297","4","8684","0","0","302","0","0","1622","0","0","3488","0","0","14922","0","0","836","0","0","978","0","0","0","0"
"3","52488135",".","C","T","G","NA","PASS","","","","upstream gene","","1","30802","0","3.247e-5","0","8680","0","1","302","0","0","1616","0","0","3486","0","0","14906","0","0","836","0","0","976","0","0","0","0"
"3","52488141",".","C","T","G","NA","PASS","","","","upstream gene","","2","30728","0","6.509e-5","2","8652","0","0","302","0","0","1620","0","0","3488","0","0","14858","0","0","836","0","0","972","0","0","0","0"
"3","52488158",".","C","A","G","NA","PASS","","","","upstream gene","","1","30848","0","3.242e-5","0","8696","0","0","302","0","0","1622","0","0","3486","0","1","14930","0","0","836","0","0","976","0","0","0","0"