"Chrom","Position","RSID","Reference","Alternate","Source","Filters - exomes","Filters - genomes","Consequence","Protein Consequence","Transcript Consequence","Annotation","Flags","Allele Count","Allele Number","Number of Homozygotes","Number of Hemizygotes","Allele Frequency","Allele Count African","Allele Number African","Homozygote Count African","Allele Count Ashkenazi Jewish","Allele Number Ashkenazi Jewish","Homozygote Count Ashkenazi Jewish","Allele Count East Asian","Allele Number East Asian","Homozygote Count East Asian","Allele Count European (Finnish)","Allele Number European (Finnish)","Homozygote Count European (Finnish)","Allele Count European (Non-Finnish)","Allele Number European (Non-Finnish)","Homozygote Count European (Non-Finnish)","Allele Count Latino","Allele Number Latino","Homozygote Count Latino","Allele Count Other","Allele Number Other","Homozygote Count Other","Allele Count South Asian","Allele Number South Asian","Homozygote Count South Asian"
"X","100652741","rs186392986","A","C","G","NA","PASS","","","","downstream gene","","2","21840","0","0","9.158e-5","0","6020","0","0","188","0","0","1056","0","0","2629","0","2","10598","0","0","622","0","0","727","0","0","0","0"
"X","100652748","rs191249601","T","C","E G","PASS","PASS","","","","downstream gene","","167","195112","2","44","0.0008559","150","18001","1","0","7337","0","0","13796","0","0","18981","0","1","86409","0","13","27072","1","3","4694","0","0","18822","0"
"X","100652755",".","A","G","E","PASS","NA","","","","downstream gene","","1","174765","0","1","5.722e-6","0","12109","0","0","7199","0","1","12807","0","0","16400","0","0","76763","0","0","26500","0","0","4001","0","0","18986","0"
"X","100652758","rs781823535","G","A","E","PASS","NA","","","","downstream gene","","1","175074","0","0","5.712e-6","0","12123","0","0","7207","0","0","12813","0","0","16406","0","1","77000","0","0","26509","0","0","4003","0","0","19013","0"
"X","100652762","rs782450584","G","A","E","PASS","NA","","","","downstream gene","","1","175514","0","0","5.698e-6","0","12137","0","0","7232","0","0","12831","0","0","16417","0","1","77320","0","0","26518","0","0","4011","0","0","19048","0"
"X","100652777","rs782396496","T","C","E","PASS","NA","","","","downstream gene","","5","176995","0","0","2.825e-5","0","12213","0","0","7265","0","5","12864","0","0","16444","0","0","78514","0","0","26553","0","0","4033","0","0","19109","0"
"X","100652781","rs782326934","CAATAA","C","E","PASS","NA","","","","downstream gene","","1","177228","0","0","5.642e-6","0","12215","0","0","7270","0","0","12863","0","0","16439","0","0","78733","0","0","26557","0","0","4035","0","1","19116","0"
"X","100652785","rs869312190","AAAAT","A","E","PASS","NA","","","","downstream gene","","1","177549","0","0","5.632e-6","0","12222","0","0","7274","0","0","12867","0","0","16443","0","0","79010","0","1","26562","0","0","4041","0","0","19130","0"
"X","100652802",".","G","A","E","PASS","NA","p.Leu429Phe","p.Leu429Phe","c.1285C>T","missense","","1","178197","0","0","5.612e-6","0","12237","0","0","7281","0","0","12869","0","0","16444","0","1","79616","0","0","26569","0","0","4046","0","0","19135","0"
"X","100652806","rs782653403","G","A","E","PASS","NA","p.Asp427Asp","p.Asp427Asp","c.1281C>T","synonymous","","1","178302","0","1","5.608e-6","0","12242","0","0","7285","0","0","12869","0","1","16445","0","0","79708","0","0","26568","0","0","4049","0","0","19136","0"
"X","100652807",".","T","A","G","NA","PASS","p.Asp427Val","p.Asp427Val","c.1280A>T","missense","","1","21752","0","1","4.597e-5","0","5959","0","0","187","0","0","1039","0","1","2640","0","0","10580","0","0","623","0","0","724","0","0","0","0"
"X","100652808","rs869312249","C","T","E","PASS","NA","p.Asp427Asn","p.Asp427Asn","c.1279G>A","missense","","1","178347","0","1","5.607e-6","0","12242","0","0","7288","0","0","12870","0","0","16445","0","1","79748","0","0","26567","0","0","4049","0","0","19138","0"
"X","100652812","rs781805900","T","G","E","PASS","NA","p.Leu425Phe","p.Leu425Phe","c.1275A>C","missense","","1","178436","0","0","5.604e-6","0","12244","0","0","7289","0","0","12870","0","0","16444","0","1","79835","0","0","26568","0","0","4052","0","0","19134","0"
"X","100652826","rs144060196","T","C","E G","PASS","PASS","p.Met421Val","p.Met421Val","c.1261A>G","missense","","4","200453","0","2","1.995e-5","4","18233","0","0","7480","0","0","13908","0","0","19087","0","0","90635","0","0","27193","0","0","4778","0","0","19139","0"
"X","100652848","rs782058162","A","G","E","PASS","NA","p.Val413Val","p.Val413Val","c.1239T>C","synonymous","","1","178712","0","0","5.596e-6","0","12245","0","0","7294","0","0","12870","0","0","16444","0","0","80094","0","1","26572","0","0","4054","0","0","19139","0"
"X","100652850","rs782430535","C","T","E","PASS","NA","p.Val413Ile","p.Val413Ile","c.1237G>A","missense","","1","178710","0","0","5.596e-6","0","12245","0","0","7294","0","0","12870","0","0","16444","0","1","80089","0","0","26574","0","0","4054","0","0","19140","0"
"X","100652854",".","G","A","E","PASS","NA","p.Gly411Gly","p.Gly411Gly","c.1233C>T","synonymous","","1","178713","0","0","5.596e-6","0","12245","0","0","7293","0","0","12870","0","0","16445","0","1","80088","0","0","26575","0","0","4054","0","0","19143","0"
"X","100652880","rs869312239","A","G","E","PASS","NA","p.Leu403Leu","p.Leu403Leu","c.1207T>C","synonymous","","1","178733","0","1","5.595e-6","0","12245","0","0","7293","0","0","12870","0","0","16442","0","1","80107","0","0","26578","0","0","4053","0","0","19145","0"
"X","100652891","rs782449839","C","G","E","PASS","NA","p.Trp399Ser","p.Trp399Ser","c.1196G>C","missense","","15","178749","0","7","8.392e-5","0","12245","0","0","7294","0","0","12870","0","0","16444","0","0","80120","0","0","26576","0","0","4055","0","15","19145","0"
"X","100652895","rs104894844","C","T","E G","PASS","PASS","p.Glu398Lys","p.Glu398Lys","c.1192G>A","missense","","2","200665","0","1","9.967e-6","0","18237","0","0","7484","0","0","13923","0","0","19110","0","2","90779","0","0","27200","0","0","4787","0","0","19145","0"
"X","100652902",".","C","T","E","PASS","NA","p.Gly395Gly","p.Gly395Gly","c.1185G>A","synonymous","","1","178751","0","0","5.594e-6","1","12245","0","0","7294","0","0","12870","0","0","16444","0","0","80122","0","0","26576","0","0","4055","0","0","19145","0"
"X","100652903","rs375661583","C","G","E","PASS","NA","p.Gly395Ala","p.Gly395Ala","c.1184G>C","missense","","2","178746","0","0","1.119e-5","0","12245","0","0","7294","0","0","12870","0","0","16444","0","2","80117","0","0","26576","0","0","4055","0","0","19145","0"
"X","100652912","rs782756052","C","G","E","PASS","NA","p.Arg392Thr","p.Arg392Thr","c.1175G>C","missense","","5","178747","0","1","2.797e-5","0","12246","0","0","7295","0","0","12870","0","0","16446","0","0","80116","0","0","26574","0","0","4055","0","5","19145","0"
"X","100652919",".","C","T","E","PASS","NA","p.Val390Met","p.Val390Met","c.1168G>A","missense","","1","178759","0","1","5.594e-6","0","12245","0","0","7295","0","0","12869","0","0","16446","0","0","80130","0","0","26574","0","0","4055","0","1","19145","0"
"X","100652928",".","G","A","E","PASS","NA","p.Leu387Phe","p.Leu387Phe","c.1159C>T","missense","","1","178764","0","1","5.594e-6","0","12246","0","0","7295","0","0","12869","0","0","16446","0","1","80134","0","0","26574","0","0","4055","0","0","19145","0"
"X","100652933",".","G","A","E","PASS","NA","p.Thr385Ile","p.Thr385Ile","c.1154C>T","missense","","1","178758","0","0","5.594e-6","0","12246","0","0","7295","0","0","12869","0","0","16444","0","0","80128","0","0","26575","0","1","4056","0","0","19145","0"
"X","100652934","rs397515869","T","C","E G","PASS","PASS","p.Thr385Ala","p.Thr385Ala","c.1153A>G","missense","","101","200580","0","62","0.0005035","0","18210","0","0","7483","0","0","13924","0","0","19106","0","1","90735","0","0","27195","0","1","4782","0","99","19145","0"
"X","100652975",".","G","C","E","PASS","NA","p.Ser371Cys","p.Ser371Cys","c.1112C>G","missense","","1","178734","0","1","5.595e-6","0","12246","0","0","7294","0","0","12869","0","0","16442","0","0","80106","0","0","26576","0","0","4056","0","1","19145","0"
"X","100652977",".","A","G","E","PASS","NA","p.Ala370Ala","p.Ala370Ala","c.1110T>C","synonymous","","1","178733","0","0","5.595e-6","0","12246","0","0","7294","0","0","12870","0","0","16442","0","0","80105","0","1","26575","0","0","4057","0","0","19144","0"
"X","100652985","rs144994244","C","G","E G","PASS","PASS","p.Ala368Pro","p.Ala368Pro","c.1102G>C","missense","","3","200240","0","2","1.498e-5","0","18086","0","0","7479","0","0","13899","0","0","19090","0","3","90571","0","0","27192","0","0","4781","0","0","19142","0"
"X","100652985","rs144994244","C","T","E G","PASS","PASS","p.Ala368Thr","p.Ala368Thr","c.1102G>A","missense","","20","200240","0","8","9.988e-5","20","18086","0","0","7479","0","0","13899","0","0","19090","0","0","90571","0","0","27192","0","0","4781","0","0","19142","0"
"X","100652989",".","G","A","E","PASS","NA","p.Thr366Thr","p.Thr366Thr","c.1098C>T","synonymous","","1","178699","0","0","5.596e-6","0","12246","0","0","7293","0","0","12870","0","0","16438","0","1","80076","0","0","26575","0","0","4057","0","0","19144","0"
"X","100652992","rs104894849","A","G","E G","PASS","PASS","p.Tyr365Tyr","p.Tyr365Tyr","c.1095T>C","synonymous","","2","200266","0","0","9.987e-6","1","18091","0","0","7480","0","0","13892","0","0","19096","0","0","90597","0","0","27189","0","0","4777","0","1","19144","0"
"X","100652994","rs367658155","A","T","E G","PASS","PASS","p.Tyr365Asn","p.Tyr365Asn","c.1093T>A","missense","","2","200233","0","1","9.988e-6","2","18086","0","0","7478","0","0","13896","0","0","19090","0","0","90572","0","0","27191","0","0","4776","0","0","19144","0"
"X","100652996",".","G","A","E","PASS","NA","p.Ser364Phe","p.Ser364Phe","c.1091C>T","missense","","1","178679","0","1","5.597e-6","0","12246","0","0","7291","0","0","12868","0","0","16439","0","1","80061","0","0","26576","0","0","4053","0","0","19145","0"
"X","100652999","rs111422676","C","T","E","PASS","NA","p.Arg363His","p.Arg363His","c.1088G>A","missense","","11","178649","0","7","6.157e-5","0","12246","0","1","7291","0","0","12867","0","0","16435","0","0","80040","0","4","26575","0","0","4053","0","6","19142","0"
"X","100653000","rs797044776","G","A","E","PASS","NA","p.Arg363Cys","p.Arg363Cys","c.1087C>T","missense","","2","178663","0","1","1.119e-5","0","12246","0","0","7289","0","0","12866","0","0","16437","0","2","80053","0","0","26576","0","0","4053","0","0","19143","0"
"X","100653008","rs782509013","C","G","E","PASS","NA","p.Gly360Ala","p.Gly360Ala","c.1079G>C","missense","","1","178650","0","0","5.598e-6","0","12246","0","0","7291","0","0","12868","0","0","16443","0","0","80030","0","0","26576","0","0","4053","0","1","19143","0"
"X","100653009","rs782598150","C","A","E","PASS","NA","p.Gly360Cys","p.Gly360Cys","c.1078G>T","missense","","1","178633","0","0","5.598e-6","0","12246","0","0","7289","0","1","12868","0","0","16441","0","0","80018","0","0","26576","0","0","4053","0","0","19142","0"
"X","100653019",".","C","T","E","PASS","NA","p.Arg356Arg","p.Arg356Arg","c.1068G>A","synonymous","","1","178569","0","0","5.6e-6","0","12246","0","0","7290","0","0","12869","0","0","16441","0","0","79954","0","0","26574","0","0","4052","0","1","19143","0"
"X","100653020","rs869312163","C","T","E","PASS","NA","p.Arg356Gln","p.Arg356Gln","c.1067G>A","missense","","2","178557","0","1","1.12e-5","1","12246","0","0","7288","0","0","12870","0","0","16441","0","1","79944","0","0","26574","0","0","4053","0","0","19141","0"
"X","100653027","rs782200316","T","C","E","PASS","NA","p.Ile354Val","p.Ile354Val","c.1060A>G","missense","","2","178555","0","1","1.12e-5","0","12246","0","0","7290","0","0","12870","0","0","16444","0","0","79934","0","0","26575","0","0","4053","0","2","19143","0"
"X","100653030",".","T","C","E","PASS","NA","p.Met353Val","p.Met353Val","c.1057A>G","missense","","1","178518","0","1","5.602e-6","0","12246","0","0","7290","0","0","12870","0","0","16441","0","1","79902","0","0","26575","0","0","4052","0","0","19142","0"
"X","100653032","rs869312162","G","C","E","PASS","NA","p.Ala352Gly","p.Ala352Gly","c.1055C>G","missense","","1","178509","0","1","5.602e-6","0","12246","0","0","7290","0","0","12870","0","0","16445","0","0","79890","0","0","26574","0","0","4052","0","1","19142","0"
"X","100653037","rs869312210","A","G","G","NA","PASS","p.Ala350Ala","p.Ala350Ala","c.1050T>C","synonymous","","1","21650","0","0","4.619e-5","1","5904","0","0","188","0","0","1039","0","0","2641","0","0","10543","0","0","614","0","0","721","0","0","0","0"
"X","100653046",".","T","C","E","PASS","NA","p.Leu347Leu","p.Leu347Leu","c.1041A>G","synonymous","","2","178424","0","0","1.121e-5","0","12245","0","0","7293","0","0","12869","0","0","16444","0","0","79806","0","0","26573","0","0","4052","0","2","19142","0"
"X","100653059",".","G","A","E","PASS","NA","p.Pro343Leu","p.Pro343Leu","c.1028C>T","missense","","1","178249","0","1","5.61e-6","0","12245","0","0","7293","0","0","12870","0","0","16445","0","1","79630","0","0","26574","0","0","4050","0","0","19142","0"
"X","100653060","rs782312118","G","A","E","PASS","NA","p.Pro343Ser","p.Pro343Ser","c.1027C>T","missense","","1","178226","0","1","5.611e-6","0","12245","0","0","7293","0","0","12870","0","0","16444","0","1","79607","0","0","26574","0","0","4050","0","0","19143","0"
"X","100653079",".","G","A","E","PASS","NA","p.Asn336Asn","p.Asn336Asn","c.1008C>T","synonymous","","1","177902","0","0","5.621e-6","0","12243","0","0","7292","0","0","12870","0","0","16445","0","1","79293","0","0","26573","0","0","4048","0","0","19138","0"
"X","100653086","rs782690996","C","T","E","PASS","NA","p.Gly334Glu","p.Gly334Glu","c.1001G>A","missense","","4","177630","0","1","2.252e-5","0","12241","0","0","7288","0","0","12869","0","0","16443","0","0","79044","0","4","26568","0","0","4044","0","0","19133","0"
"X","100653100","rs782561648","G","GA","E","PASS","NA","","","c.1000-14dupT","intron","","1","177406","0","0","5.637e-6","0","12240","0","0","7284","0","0","12866","0","0","16443","0","1","78836","0","0","26568","0","0","4037","0","0","19132","0"
"X","100653101","rs397515868","A","G","E G","PASS","PASS","","","c.1000-14T>C","intron","","3","199261","0","3","1.506e-5","0","18206","0","0","7473","0","0","13914","0","0","19105","0","2","89478","0","0","27188","0","0","4763","0","1","19134","0"
"X","100653103","rs782298988","AGT","A","E","PASS","NA","","","c.1000-18_1000-17delAC","intron","","1","177333","0","1","5.639e-6","0","12234","0","0","7282","0","0","12864","0","0","16442","0","0","78781","0","0","26565","0","0","4036","0","1","19129","0"
"X","100653107","rs782394416","T","G","E","PASS","NA","","","c.1000-20A>C","intron","","1","177247","0","0","5.642e-6","0","12227","0","0","7284","0","0","12862","0","0","16441","0","1","78718","0","0","26565","0","0","4034","0","0","19116","0"
"X","100653109","rs2071228","G","A","E G","PASS","PASS","","","c.1000-22C>T","intron","","49133","198271","6402","17772","0.2478","13661","18112","3697","1034","7464","52","1759","13871","67","1962","19067","61","13519","88898","683","7958","27032","947","944","4748","73","8296","19079","822"
"X","100653124","rs782099278","G","A","E","PASS","NA","","","c.1000-37C>T","intron","","1","176130","0","0","5.678e-6","1","12147","0","0","7260","0","0","12831","0","0","16420","0","0","77926","0","0","26520","0","0","4015","0","0","19011","0"
"X","100653133",".","G","A","G","NA","PASS","","","c.1000-46C>T","intron","","1","21770","0","1","4.593e-5","0","5880","0","0","189","0","0","1054","0","0","2662","0","1","10645","0","0","617","0","0","723","0","0","0","0"
"X","100653136","rs782414086","C","T","E","PASS","NA","","","c.1000-49G>A","intron","","1","174643","0","0","5.726e-6","0","11914","0","0","7225","0","0","12762","0","0","16354","0","1","77141","0","0","26431","0","0","3990","0","0","18826","0"
"X","100653136","rs782414086","CCT","C","E","PASS","NA","","","c.1000-51_1000-50delAG","intron","","3","174643","0","1","1.718e-5","3","11914","0","0","7225","0","0","12762","0","0","16354","0","0","77141","0","0","26431","0","0","3990","0","0","18826","0"
"X","100653138","rs202039070","TGTTA","T","E G","PASS","PASS","","","c.1000-55_1000-52delTAAC","intron","","801","196548","11","204","0.004075","733","18020","11","0","7408","0","0","13814","0","0","19008","0","12","87746","0","48","27051","0","7","4711","0","1","18790","0"
"X","100653139","rs782217308","G","A","E","PASS","NA","","","c.1000-52C>T","intron","","5","174576","0","1","2.864e-5","0","12019","0","0","7223","0","0","12753","0","0","16349","0","0","77016","0","0","26435","0","0","3986","0","5","18795","0"
"X","100653151",".","T","C","G","NA","PASS","","","c.1000-64A>G","intron","","1","21894","0","1","4.567e-5","1","5977","0","0","187","0","0","1059","0","0","2662","0","0","10666","0","0","619","0","0","724","0","0","0","0"
"X","100653311",".","T","C","E","PASS","NA","","","c.999+47A>G","intron","","2","176832","0","0","1.131e-5","0","12197","0","0","7250","0","2","12839","0","0","15476","0","0","79634","0","0","26494","0","0","4031","0","0","18911","0"
"X","100653311",".","T","G","G","NA","PASS","","","c.999+47A>C","intron","","1","21799","0","0","4.587e-5","0","5976","0","0","188","0","0","1039","0","0","2637","0","1","10609","0","0","619","0","0","731","0","0","0","0"
"X","100653314","rs781931935","T","C","E G","PASS","PASS","","","c.999+44A>G","intron","","2","198990","0","1","1.005e-5","2","18176","0","0","7466","0","0","13888","0","0","18159","0","0","90314","0","0","27155","0","0","4766","0","0","19066","0"
"X","100653325",".","T","A","E","PASS","NA","","","c.999+33A>T","intron","","1","177829","0","0","5.623e-6","0","12220","0","0","7289","0","0","12859","0","0","15823","0","1","79898","0","0","26565","0","0","4049","0","0","19126","0"
"X","100653330","rs142240841","C","T","E","PASS","NA","","","c.999+28G>A","intron","","3","177997","0","2","1.685e-5","0","12228","0","0","7293","0","3","12863","0","0","15929","0","0","79946","0","0","26568","0","0","4049","0","0","19121","0"
"X","100653349","rs782811400","C","A","E","PASS","NA","","","c.999+9G>T","intron","","1","178530","0","0","5.601e-6","0","12243","0","0","7294","0","0","12869","0","0","16247","0","1","80107","0","0","26575","0","0","4055","0","0","19140","0"
"X","100653358","rs781884596","C","T","E","PASS","NA","c.999G>A","p.Gln333Gln","c.999G>A","splice region","","2","178659","0","0","1.119e-5","0","12244","0","0","7295","0","0","12870","0","0","16340","0","0","80136","0","2","26576","0","0","4055","0","0","19143","0"
"X","100653362","rs782126889","C","T","E G","PASS","PASS","p.Arg332Lys","p.Arg332Lys","c.995G>A","missense","","4","200349","0","2","1.997e-5","0","18165","0","0","7483","0","0","13907","0","0","18995","0","4","90683","0","0","27193","0","0","4778","0","0","19145","0"
"X","100653363","rs782757545","T","C","E G","PASS","PASS","p.Arg332Gly","p.Arg332Gly","c.994A>G","missense","","4","200380","0","2","1.996e-5","0","18176","0","0","7484","0","0","13912","0","0","19019","0","4","90670","0","0","27194","0","0","4780","0","0","19145","0"
"X","100653366","rs730880437","G","A","E","PASS","NA","p.Leu331Phe","p.Leu331Phe","c.991C>T","missense","","3","178725","0","0","1.679e-5","0","12244","0","0","7295","0","0","12870","0","0","16392","0","3","80148","0","0","26576","0","0","4055","0","0","19145","0"
"X","100653373","rs376623208","C","A","E","PASS","NA","p.Gly328Gly","p.Gly328Gly","c.984G>T","synonymous","","4","178747","0","2","2.238e-5","2","12246","0","0","7294","0","0","12870","0","0","16405","0","0","80154","0","2","26578","0","0","4055","0","0","19145","0"
"X","100653373","rs376623208","C","T","E","PASS","NA","p.Gly328Gly","p.Gly328Gly","c.984G>A","synonymous","","1","178747","0","0","5.594e-6","0","12246","0","0","7294","0","1","12870","0","0","16405","0","0","80154","0","0","26578","0","0","4055","0","0","19145","0"
"X","100653379","rs151195362","C","T","E G","PASS","PASS","p.Lys326Lys","p.Lys326Lys","c.978G>A","synonymous","","61","200332","0","24","0.0003045","51","18134","0","0","7484","0","0","13899","0","0","19047","0","0","90652","0","9","27194","0","1","4777","0","0","19145","0"
"X","100653394","rs398123225","C","T","E","PASS","NA","p.Gln321Gln","p.Gln321Gln","c.963G>A","synonymous","","2","178791","0","0","1.119e-5","0","12246","0","0","7295","0","0","12870","0","0","16433","0","0","80167","0","2","26578","0","0","4057","0","0","19145","0"
"X","100653411","rs142217511","C","G","E","PASS","NA","p.Val316Leu","p.Val316Leu","c.946G>C","missense","","1","178790","0","0","5.593e-6","0","12246","0","0","7295","0","0","12870","0","0","16439","0","1","80163","0","0","26576","0","0","4056","0","0","19145","0"
"X","100653411","rs142217511","C","T","E","PASS","NA","p.Val316Ile","p.Val316Ile","c.946G>A","missense","","1","178790","0","0","5.593e-6","0","12246","0","0","7295","0","0","12870","0","0","16439","0","0","80163","0","1","26576","0","0","4056","0","0","19145","0"
"X","100653412","rs151208856","G","A","E G","PASS","PASS","p.Asp315Asp","p.Asp315Asp","c.945C>T","synonymous","","19","200260","0","6","9.488e-5","0","18084","0","0","7481","0","0","13901","0","0","19069","0","15","90617","0","4","27193","0","0","4770","0","0","19145","0"
"X","100653420","rs28935490","C","A","E G","PASS","PASS","p.Asp313Tyr","p.Asp313Tyr","c.937G>T","missense","","611","200275","3","268","0.003051","15","18098","0","54","7477","0","0","13892","0","14","19071","0","404","90624","1","55","27195","1","20","4773","1","49","19145","0"
"X","100653420","rs28935490","C","T","E","PASS","NA","p.Asp313Asn","p.Asp313Asn","c.937G>A","missense","","1","178780","0","0","5.593e-6","0","12245","0","0","7295","0","0","12870","0","0","16437","0","1","80156","0","0","26576","0","0","4056","0","0","19145","0"
"X","100653427","rs782649832","G","A","E","PASS","NA","p.Leu310Leu","p.Leu310Leu","c.930C>T","synonymous","","1","178783","0","1","5.593e-6","0","12245","0","0","7295","0","0","12870","0","0","16441","0","0","80153","0","0","26578","0","0","4056","0","1","19145","0"
"X","100653429",".","G","C","E","PASS","NA","p.Leu310Val","p.Leu310Val","c.928C>G","missense","","1","178779","0","1","5.593e-6","0","12245","0","0","7294","0","0","12870","0","0","16437","0","1","80154","0","0","26578","0","0","4056","0","0","19145","0"
"X","100653442","rs782250167","A","C","E","PASS","NA","p.Pro305Pro","p.Pro305Pro","c.915T>G","synonymous","","1","178773","0","1","5.594e-6","0","12245","0","0","7295","0","0","12870","0","0","16441","0","1","80143","0","0","26578","0","0","4056","0","0","19145","0"
"X","100653454",".","T","C","G","NA","PASS","p.Arg301Arg","p.Arg301Arg","c.903A>G","synonymous","","1","21574","0","1","4.635e-5","0","5882","0","0","187","0","0","1024","0","0","2646","0","0","10503","0","1","618","0","0","714","0","0","0","0"
"X","100653463","rs869312444","A","G","E","PASS","NA","p.Asn298Asn","p.Asn298Asn","c.894T>C","synonymous","","1","178747","0","1","5.594e-6","0","12246","0","0","7293","0","0","12870","0","0","16442","0","1","80118","0","0","26578","0","0","4056","0","0","19144","0"
"X","100653466","rs782575087","A","G","E","PASS","NA","p.Ser297Ser","p.Ser297Ser","c.891T>C","synonymous","","3","178750","0","1","1.678e-5","0","12246","0","0","7293","0","0","12870","0","0","16440","0","3","80123","0","0","26578","0","0","4056","0","0","19144","0"
"X","100653487","rs869312438","C","G","E","PASS","NA","p.Met290Ile","p.Met290Ile","c.870G>C","missense","","1","178732","0","0","5.595e-6","0","12244","0","0","7291","0","0","12870","0","0","16431","0","0","80120","0","0","26576","0","1","4055","0","0","19145","0"
"X","100653489","rs375538532","T","G","E","PASS","NA","p.Met290Leu","p.Met290Leu","c.868A>C","missense","","2","178739","0","0","1.119e-5","0","12245","0","0","7291","0","0","12870","0","0","16430","0","2","80126","0","0","26577","0","0","4055","0","0","19145","0"
"X","100653492","rs140329381","T","C","E G","PASS","PASS","p.Ile289Val","p.Ile289Val","c.865A>G","missense","","31","200418","0","10","0.0001547","6","18148","0","0","7479","0","0","13900","0","0","19090","0","0","90687","0","25","27197","0","0","4772","0","0","19145","0"
"X","100653504",".","C","T","E","PASS","NA","p.Ala285Thr","p.Ala285Thr","c.853G>A","missense","","1","178719","0","0","5.595e-6","0","12246","0","0","7291","0","0","12870","0","0","16415","0","0","80120","0","0","26578","0","0","4055","0","1","19144","0"
"X","100653523","rs782032720","A","G","E","PASS","NA","p.Asn278Asn","p.Asn278Asn","c.834T>C","synonymous","","1","178688","0","1","5.596e-6","0","12245","0","0","7293","0","0","12870","0","0","16386","0","0","80116","0","0","26578","0","0","4056","0","1","19144","0"
"X","100653561","rs782529392","A","C","E G","PASS","PASS","c.802-6T>G","","c.802-6T>G","splice region","","5","199820","0","2","2.502e-5","1","18091","0","0","7472","0","0","13888","0","0","18775","0","4","90489","0","0","27184","0","0","4778","0","0","19143","0"
"X","100653563",".","A","G","E","PASS","NA","c.802-8T>C","","c.802-8T>C","splice region","","1","178179","0","0","5.612e-6","0","12212","0","0","7288","0","0","12864","0","0","16128","0","1","79921","0","0","26572","0","0","4051","0","0","19143","0"
"X","100653574",".","T","A","E G","PASS","PASS","","","n.109A>T","non coding transcript exon","","2","199388","0","0","1.003e-5","0","18051","0","0","7470","0","0","13885","0","0","18633","0","0","90262","0","0","27179","0","1","4772","0","1","19136","0"
"X","100653583","rs782355985","CAA","C","E G","PASS","PASS","","","n.98_99delTT","non coding transcript exon","","19","199096","0","7","9.543e-5","11","18076","0","0","7472","0","0","13878","0","0","18457","0","1","90145","0","7","27173","0","0","4761","0","0","19134","0"
"X","100653587","rs781949898","AGAG","A","E","PASS","NA","","","n.93_95delCTC","non coding transcript exon","","1","177154","0","0","5.645e-6","0","12141","0","0","7275","0","0","12835","0","0","15775","0","1","79416","0","0","26552","0","0","4034","0","0","19126","0"
"X","100653588","rs782383870","G","T","E","PASS","NA","","","n.95C>A","non coding transcript exon","","1","177094","0","1","5.647e-6","0","12134","0","0","7276","0","0","12835","0","0","15754","0","1","79381","0","0","26552","0","0","4034","0","0","19128","0"
"X","100653589",".","A","C","G","NA","PASS","","","n.94T>G","non coding transcript exon","","1","21750","0","0","4.598e-5","1","5921","0","0","189","0","0","1032","0","0","2657","0","0","10610","0","0","618","0","0","723","0","0","0","0"
"X","100653597","rs188036247","A","G","E G","PASS","PASS","","","n.86T>C","non coding transcript exon","","19","198340","0","5","9.58e-5","0","18013","0","0","7454","0","19","13829","0","0","18386","0","0","89642","0","0","27148","0","0","4747","0","0","19121","0"
"X","100653604","rs782056296","T","TAA","E","PASS","NA","","","n.77_78dupTT","non coding transcript exon","","1","176191","0","1","5.676e-6","0","12030","0","0","7259","0","0","12775","0","0","15742","0","0","78742","0","0","26518","0","0","4015","0","1","19110","0"
"X","100653606",".","A","T","E","PASS","NA","","","n.77T>A","non coding transcript exon","","1","176318","0","0","5.672e-6","0","12042","0","0","7260","0","1","12777","0","0","15780","0","0","78805","0","0","26521","0","0","4015","0","0","19118","0"
"X","100653723","rs782096403","G","C","E","PASS","NA","","","n.400C>G","non coding transcript exon","","1","177947","0","0","5.62e-6","0","12202","0","0","7212","0","0","12852","0","0","16394","0","0","79734","0","1","26491","0","0","4024","0","0","19038","0"
"X","100653736",".","C","T","G","NA","PASS","","","n.387G>A","non coding transcript exon","","1","21652","0","0","4.619e-5","0","5886","0","0","190","0","0","1047","0","0","2657","0","1","10533","0","0","616","0","0","723","0","0","0","0"
"X","100653737","rs782718869","C","T","E","PASS","NA","","","n.386G>A","non coding transcript exon","","3","178475","0","0","1.681e-5","0","12231","0","0","7261","0","0","12865","0","0","16434","0","2","79978","0","0","26556","0","1","4045","0","0","19105","0"
"X","100653745","rs782698742","CT","C","E","PASS","NA","","","n.377delA","non coding transcript exon","","5","178678","0","3","2.798e-5","0","12242","0","0","7285","0","5","12869","0","0","16433","0","0","80088","0","0","26575","0","0","4049","0","0","19137","0"
"X","100653757",".","G","A","E","PASS","NA","","","n.366C>T","non coding transcript exon","","1","178725","0","0","5.595e-6","0","12243","0","0","7288","0","0","12869","0","0","16443","0","1","80116","0","0","26573","0","0","4053","0","0","19140","0"
"X","100653759","rs200744672","G","A","E G","PASS","PASS","","","n.364C>T","non coding transcript exon","","10","200295","0","2","4.993e-5","0","18086","0","0","7480","0","9","13903","0","0","19085","0","0","90625","0","0","27197","0","1","4776","0","0","19143","0"
"X","100653765",".","G","A","E","PASS","NA","c.801+8C>T","","c.801+8C>T","splice region","","1","178758","0","0","5.594e-6","0","12245","0","0","7290","0","0","12870","0","0","16443","0","1","80133","0","0","26577","0","0","4055","0","0","19145","0"
"X","100653784","rs190347120","C","T","E","PASS","NA","p.Asp264Asn","p.Asp264Asn","c.790G>A","missense","","1","178774","0","0","5.594e-6","0","12246","0","0","7292","0","0","12870","0","0","16446","0","1","80147","0","0","26576","0","0","4056","0","0","19141","0"
"X","100653806","rs781872759","A","G","E","PASS","NA","p.Val256Val","p.Val256Val","c.768T>C","synonymous","","2","178780","0","2","1.119e-5","0","12246","0","0","7293","0","0","12870","0","0","16446","0","2","80146","0","0","26577","0","0","4057","0","0","19145","0"
"X","100653819","rs147026639","C","G","E G","PASS","PASS","p.Arg252Thr","p.Arg252Thr","c.755G>C","missense","","3","200442","0","1","1.497e-5","0","18135","0","0","7486","0","0","13909","0","0","19085","0","3","90705","0","0","27195","0","0","4784","0","0","19143","0"
"X","100653827","rs782506652","G","A","E","PASS","NA","p.Asn249Asn","p.Asn249Asn","c.747C>T","synonymous","","1","178749","0","0","5.594e-6","0","12245","0","0","7295","0","0","12870","0","0","16442","0","1","80120","0","0","26575","0","0","4057","0","0","19145","0"
"X","100653829",".","T","A","E","PASS","NA","p.Asn249Tyr","p.Asn249Tyr","c.745A>T","missense","","1","178762","0","1","5.594e-6","0","12245","0","0","7295","0","0","12870","0","0","16443","0","0","80131","0","0","26576","0","0","4057","0","1","19145","0"
"X","100653838","rs782748185","T","A","E","PASS","NA","p.Thr246Ser","p.Thr246Ser","c.736A>T","missense","","1","178761","0","0","5.594e-6","0","12245","0","0","7295","0","0","12870","0","0","16441","0","1","80132","0","0","26576","0","0","4057","0","0","19145","0"
"X","100653845","rs397515874","C","T","E","PASS","NA","p.Leu243Leu","p.Leu243Leu","c.729G>A","synonymous","","1","178757","0","0","5.594e-6","0","12245","0","0","7295","0","0","12870","0","0","16443","0","0","80124","0","0","26578","0","1","4057","0","0","19145","0"
"X","100653847","rs782453201","A","G","E","PASS","NA","p.Leu243Leu","p.Leu243Leu","c.727T>C","synonymous","","1","178767","0","0","5.594e-6","0","12245","0","0","7295","0","0","12870","0","0","16445","0","1","80132","0","0","26578","0","0","4057","0","0","19145","0"
"X","100653854","rs869312389","CT","C","E","PASS","NA","p.Lys240ArgfsTer29","p.Lys240ArgfsTer29","c.719delA","frameshift","","1","178766","0","0","5.594e-6","0","12245","0","0","7295","0","0","12870","0","0","16444","0","1","80134","0","0","26577","0","0","4056","0","0","19145","0"
"X","100653859","rs869312387","T","A","E","PASS","NA","p.Ile239Leu","p.Ile239Leu","c.715A>T","missense","","1","178757","0","0","5.594e-6","0","12245","0","0","7295","0","0","12870","0","0","16444","0","1","80124","0","0","26578","0","0","4056","0","0","19145","0"
"X","100653860","rs397515872","A","G","E G","PASS","PASS","p.Ser238Ser","p.Ser238Ser","c.714T>C","synonymous","","4","200565","0","2","1.994e-5","0","18187","0","0","7484","0","0","13913","0","1","19098","0","2","90754","0","1","27198","0","0","4786","0","0","19145","0"
"X","100653868",".","A","G","E","PASS","NA","p.Trp236Arg","p.Trp236Arg","c.706T>C","missense","","1","178769","0","0","5.594e-6","1","12246","0","0","7295","0","0","12870","0","0","16444","0","0","80135","0","0","26578","0","0","4056","0","0","19145","0"
"X","100653869","rs147672853","G","A","E","PASS","NA","p.Ser235Ser","p.Ser235Ser","c.705C>T","synonymous","","1","178773","0","0","5.594e-6","1","12246","0","0","7295","0","0","12870","0","0","16444","0","0","80139","0","0","26578","0","0","4056","0","0","19145","0"
"X","100653930","rs28935197","T","C","E","PASS","NA","p.Asn215Ser","p.Asn215Ser","c.644A>G","missense","","1","178708","0","1","5.596e-6","0","12243","0","0","7290","0","0","12870","0","0","16440","0","1","80091","0","0","26576","0","0","4053","0","0","19145","0"
"X","100653938",".","T","G","E","PASS","NA","c.640-4A>C","","c.640-4A>C","splice region","","1","178678","0","0","5.597e-6","0","12245","0","0","7290","0","0","12870","0","0","16440","0","0","80061","0","0","26576","0","1","4051","0","0","19145","0"
"X","100653947",".","A","G","E","PASS","NA","","","c.640-13T>C","intron","","1","178627","0","0","5.598e-6","0","12245","0","0","7290","0","1","12870","0","0","16429","0","0","80021","0","0","26576","0","0","4051","0","0","19145","0"
"X","100653950","rs2071397","T","A","E","PASS","NA","","","c.640-16A>T","intron","","1","178520","0","0","5.602e-6","0","12243","0","0","7288","0","0","12869","0","0","16408","0","1","79962","0","0","26568","0","0","4050","0","0","19132","0"
"X","100653950","rs2071397","T","C","E G","PASS","PASS","","","c.640-16A>G","intron","","28000","200183","1460","10935","0.1399","2695","18157","149","936","7476","40","1178","13903","36","1775","19042","53","10909","90517","434","3699","27185","224","605","4771","30","6203","19132","494"
"X","100653960","rs782668768","GTT","G","E","PASS","NA","","","c.640-28_640-27delAA","intron","","1","178474","0","0","5.603e-6","0","12241","0","0","7288","0","0","12870","0","0","16393","0","1","79918","0","0","26574","0","0","4049","0","0","19141","0"
"X","100653979","rs782186430","C","T","E","PASS","NA","","","c.640-45G>A","intron","","4","178086","0","1","2.246e-5","0","12234","0","0","7278","0","1","12868","0","0","16280","0","3","79695","0","0","26567","0","0","4042","0","0","19122","0"
"X","100653991","rs869312363","A","G","G","NA","PASS","","","c.640-57T>C","intron","","1","21777","0","0","4.592e-5","0","5962","0","0","191","0","0","1045","0","0","2634","0","1","10593","0","0","618","0","0","734","0","0","0","0"
"X","100654001","rs869312367","A","T","G","NA","PASS","","","c.640-67T>A","intron","","5","21753","0","1","0.0002299","0","5952","0","0","191","0","0","1040","0","0","2640","0","5","10582","0","0","619","0","0","729","0","0","0","0"
"X","100654665","rs2473815","C","T","G","NA","PASS","","","c.640-731G>A","intron","","47","21748","0","16","0.002161","5","5955","0","2","187","0","0","1039","0","2","2634","0","37","10587","0","0","618","0","1","728","0","0","0","0"
"X","100654683","rs148135742","G","A","G","NA","PASS","","","c.640-749C>T","intron","","96","21836","2","33","0.004396","93","5974","2","0","187","0","0","1041","0","0","2639","0","1","10640","0","1","623","0","1","732","0","0","0","0"
"X","100654731","rs869312370","C","A","G","NA","PASS","c.*27+1G>T†","","c.*27+1G>T","splice donor","LC LoF","1","21848","0","0","4.577e-5","0","5976","0","0","186","0","0","1043","0","0","2648","0","1","10644","0","0","623","0","0","728","0","0","0","0"
"X","100654735","rs199473684","C","T","G","NA","PASS","","","c.*24G>A","3' UTR","","1","21827","0","1","4.581e-5","0","5976","0","0","189","0","1","1041","0","0","2650","0","0","10627","0","0","619","0","0","725","0","0","0","0"
"X","100654743",".","G","A","G","NA","PASS","","","c.*16C>T","3' UTR","","1","21747","0","0","4.598e-5","0","5941","0","0","188","0","0","1043","0","0","2646","0","1","10588","0","0","619","0","0","722","0","0","0","0"
"X","100654745",".","G","C","G","NA","PASS","","","c.*14C>G","3' UTR","","1","21775","0","0","4.592e-5","1","5944","0","0","187","0","0","1043","0","0","2653","0","0","10606","0","0","620","0","0","722","0","0","0","0"
"X","100654764",".","A","C","G","NA","PASS","p.Cys222Gly†","p.Cys222Gly","c.664T>G","missense","","1","21641","0","0","4.621e-5","1","5914","0","0","188","0","0","1030","0","0","2645","0","0","10532","0","0","617","0","0","715","0","0","0","0"
"X","100654786","rs201655854","GCT","G","E G","AC0","PASS","p.Ser214LeufsTer36†","p.Ser214LeufsTer36","c.640_641delAG","frameshift","LC LoF","234","21585","1","77","0.01084","15","5878","0","0","187","0","4","1032","0","21","2645","0","170","10499","1","10","619","0","14","725","0","0","0","0"
"X","100654830",".","T","A","G","NA","PASS","","","c.639+824A>T","intron","","1","21666","0","1","4.616e-5","1","5897","0","0","183","0","0","1033","0","0","2652","0","0","10558","0","0","618","0","0","725","0","0","0","0"
"X","100654856",".","T","TAG","G","NA","PASS","","","c.639+796_639+797dupCT","intron","","1","21718","0","0","4.604e-5","0","5923","0","0","184","0","1","1043","0","0","2645","0","0","10583","0","0","617","0","0","723","0","0","0","0"
"X","100655586","rs3027589","T","C","G","NA","PASS","","","c.639+68A>G","intron","","1267","21072","48","430","0.06013","850","5641","39","1","181","0","27","998","0","25","2593","0","245","10353","4","90","604","5","29","702","0","0","0","0"
"X","100655605",".","G","C","E","PASS","NA","","","c.639+49C>G","intron","","1","151510","0","0","6.6e-6","0","10429","0","0","6707","0","0","11630","0","0","14764","0","0","63696","0","0","24218","0","0","3565","0","1","16501","0"
"X","100655606",".","T","G","G","NA","PASS","","","c.639+48A>C","intron","","1","21191","0","0","4.719e-5","0","5721","0","0","182","0","0","1010","0","0","2602","0","1","10368","0","0","606","0","0","702","0","0","0","0"
"X","100655621",".","C","G","E","PASS","NA","","","c.639+33G>C","intron","","1","162110","0","0","6.169e-6","1","11138","0","0","6893","0","0","12207","0","0","15435","0","0","70138","0","0","25311","0","0","3764","0","0","17224","0"
"X","100655623","rs782135870","G","C","E G","PASS","RF|AC0","","","c.639+31C>G","intron","","4","163333","0","1","2.449e-5","2","11226","0","0","6911","0","0","12260","0","0","15512","0","0","70913","0","1","25420","0","1","3790","0","0","17301","0"
"X","100655623","rs782135870","G","T","G","NA","PASS","","","c.639+31C>A","intron","","1","21185","0","0","4.72e-5","1","5719","0","0","181","0","0","1014","0","0","2595","0","0","10370","0","0","605","0","0","701","0","0","0","0"
"X","100655628","rs782777470","A","G","E","PASS","NA","","","c.639+26T>C","intron","","2","166262","0","2","1.203e-5","1","11400","0","0","6991","0","0","12422","0","0","15719","0","0","72676","0","0","25711","0","0","3836","0","1","17507","0"
"X","100655636","rs189319122","C","T","E G","PASS","PASS","","","c.639+18G>A","intron","","59","190542","0","17","0.0003096","43","17297","0","0","7231","0","0","13570","0","0","18508","0","0","85040","0","12","26547","0","1","4593","0","3","17756","0"
"X","100655638",".","G","A","E","PASS","NA","","","c.639+16C>T","intron","","2","170231","0","2","1.175e-5","0","11625","0","0","7073","0","0","12597","0","0","15966","0","0","75227","0","2","26008","0","0","3911","0","0","17824","0"
"X","100655640","rs782473708","GCTCA","G","E G","PASS","PASS","","","c.639+10_639+13delTGAG","intron","","23","191776","0","5","0.0001199","0","17333","0","0","7267","0","23","13633","0","0","18571","0","0","85854","0","0","26657","0","0","4603","0","0","17858","0"
"X","100655647",".","A","G","E","PASS","NA","c.639+7T>C","","c.639+7T>C","splice region","","1","172853","0","1","5.785e-6","0","11771","0","0","7131","0","0","12730","0","0","16128","0","1","76813","0","0","26220","0","0","3964","0","0","18096","0"
"X","100655648","rs200096940","T","G","E","PASS","NA","c.639+6A>C","","c.639+6A>C","splice region","","6","172984","0","5","3.469e-5","0","11779","0","0","7130","0","0","12736","0","1","16133","0","4","76909","0","0","26228","0","1","3965","0","0","18104","0"
"X","100655658",".","T","C","E","PASS","NA","p.Gln212Arg","p.Gln212Arg","c.635A>G","missense","","6","174651","0","1","3.435e-5","0","11899","0","0","7155","0","0","12787","0","0","16256","0","0","77938","0","5","26334","0","1","3987","0","0","18295","0"
"X","100655674","rs372416832","A","G","E","PASS","NA","p.Tyr207His","p.Tyr207His","c.619T>C","missense","","6","176303","0","4","3.403e-5","6","12013","0","0","7196","0","0","12829","0","0","16349","0","0","78896","0","0","26443","0","0","4023","0","0","18554","0"
"X","100655692","rs782164447","A","C","E","PASS","NA","p.Ser201Ala","p.Ser201Ala","c.601T>G","missense","","5","177108","0","4","2.823e-5","0","12077","0","0","7223","0","5","12850","0","0","16401","0","0","79329","0","0","26490","0","0","4036","0","0","18702","0"
"X","100655693",".","G","A","E","PASS","NA","p.Tyr200Tyr","p.Tyr200Tyr","c.600C>T","synonymous","","1","177087","0","0","5.647e-6","0","12077","0","1","7224","0","0","12848","0","0","16401","0","0","79308","0","0","26489","0","0","4036","0","0","18704","0"
"X","100655697","rs781871113","A","G","E","PASS","NA","p.Val199Ala","p.Val199Ala","c.596T>C","missense","","3","177139","0","1","1.694e-5","0","12080","0","0","7225","0","0","12849","0","0","16400","0","3","79348","0","0","26492","0","0","4038","0","0","18707","0"
"X","100655700","rs727503950","A","G","E","PASS","NA","p.Ile198Thr","p.Ile198Thr","c.593T>C","missense","","2","177214","0","1","1.129e-5","0","12087","0","0","7223","0","0","12851","0","0","16401","0","2","79389","0","0","26493","0","0","4040","0","0","18730","0"
"X","100655714","rs782619655","C","G","E","PASS","NA","p.Arg193Ser","p.Arg193Ser","c.579G>C","missense","","3","177010","0","0","1.695e-5","0","12064","0","0","7218","0","0","12844","0","0","16389","0","0","79300","0","3","26478","0","0","4038","0","0","18679","0"
"X","100655727",".","A","C","E G","PASS","PASS","p.Leu189Trp","p.Leu189Trp","c.566T>G","missense","","2","198586","0","1","1.007e-5","0","17993","0","0","7395","0","0","13877","0","0","18982","0","2","89847","0","0","27076","0","0","4751","0","0","18665","0"
"X","100655755","rs782440801","A","T","E","PASS","NA","","","n.87T>A","non coding transcript exon","","1","174156","0","0","5.742e-6","0","11889","0","0","7137","0","0","12727","0","0","16246","0","1","77582","0","0","26253","0","0","3981","0","0","18341","0"
"X","100655780","rs782689542","G","T","E G","RF","PASS","","","n.62C>A","non coding transcript exon","","3","21514","0","0","0.0001394","2","5873","0","0","189","0","1","1016","0","0","2562","0","0","10553","0","0","606","0","0","715","0","0","0","0"
"X","100655785","rs181620146","G","A","E G","PASS","PASS","","","n.57C>T","non coding transcript exon","","6","176257","0","3","3.404e-5","5","16427","0","0","6920","0","0","12717","0","0","17513","0","0","76362","0","1","25224","0","0","4344","0","0","16750","0"
"X","100655797","rs782626121","G","A","E","PASS","NA","","","n.45C>T","non coding transcript exon","","3","135183","0","3","2.219e-5","0","8759","0","0","6299","0","0","10297","0","0","13816","0","3","54927","0","0","22443","0","0","3257","0","0","15385","0"
"X","100655801",".","C","CTA","G","NA","PASS","","","n.39_40dupTA","non coding transcript exon","","1","21272","0","0","4.701e-5","0","5780","0","0","186","0","0","1010","0","0","2518","0","1","10467","0","0","602","0","0","709","0","0","0","0"
"X","100655801",".","CTATA","C","G","NA","PASS","","","n.37_40delTATA","non coding transcript exon","","1","21272","0","1","4.701e-5","0","5780","0","0","186","0","1","1010","0","0","2518","0","0","10467","0","0","602","0","0","709","0","0","0","0"
"X","100655808",".","T","C","G","NA","PASS","","","n.34A>G","non coding transcript exon","","1","21292","0","1","4.697e-5","0","5789","0","0","185","0","0","1002","0","0","2514","0","1","10495","0","0","603","0","0","704","0","0","0","0"
"X","100655870","rs2071396","G","C","G","NA","PASS","","","c.548-125C>G","intron","","2159","21239","174","773","0.1017","1717","5762","164","1","184","0","30","1003","0","26","2560","0","255","10411","4","95","605","5","35","714","1","0","0","0"
"X","100655886","rs782416367","C","T","G","NA","PASS","","","c.548-141G>A","intron","","9","21408","0","1","0.0004204","1","5867","0","0","186","0","0","1014","0","0","2575","0","8","10440","0","0","609","0","0","717","0","0","0","0"
"X","100655887","rs781827688","G","T","G","NA","PASS","","","c.548-142C>A","intron","","2","21446","0","0","9.326e-5","1","5865","0","0","186","0","0","1020","0","0","2574","0","1","10472","0","0","611","0","0","718","0","0","0","0"
"X","100655890",".","C","A","G","NA","PASS","","","c.548-145G>T","intron","","1","21526","0","0","4.646e-5","0","5892","0","0","187","0","0","1031","0","0","2594","0","1","10487","0","0","614","0","0","721","0","0","0","0"
"X","100655907","rs782253202","T","A","G","NA","PASS","","","c.548-162A>T","intron","","30","21609","0","6","0.001388","2","5909","0","0","182","0","0","1036","0","2","2613","0","26","10527","0","0","617","0","0","725","0","0","0","0"
"X","100656151",".","C","T","G","NA","PASS","","","c.548-406G>A","intron","","1","21650","0","0","4.619e-5","0","5907","0","0","188","0","0","1019","0","0","2646","0","1","10549","0","0","617","0","0","724","0","0","0","0"
"X","100656161",".","T","C","G","NA","PASS","","","c.548-416A>G","intron","","1","21659","0","0","4.617e-5","0","5887","0","0","189","0","0","1024","0","0","2648","0","1","10565","0","0","620","0","0","726","0","0","0","0"
"X","100656163",".","A","G","G","NA","PASS","","","c.548-418T>C","intron","","1","21678","0","0","4.613e-5","0","5906","0","0","190","0","0","1025","0","0","2643","0","0","10566","0","1","620","0","0","728","0","0","0","0"
"X","100656201","rs146298823","G","A","G","NA","PASS","","","c.547+419C>T","intron","","212","21577","9","94","0.009825","15","5867","0","0","188","0","170","1023","9","4","2646","0","3","10520","0","15","615","0","5","718","0","0","0","0"
"X","100656264","rs189961678","G","A","G","NA","PASS","","","n.549C>T","non coding transcript exon","","2","21580","0","0","9.268e-5","2","5867","0","0","191","0","0","1024","0","0","2635","0","0","10524","0","0","617","0","0","722","0","0","0","0"
"X","100656265",".","G","A","G","NA","PASS","","","n.548C>T","non coding transcript exon","","1","21627","0","1","4.624e-5","1","5881","0","0","190","0","0","1026","0","0","2639","0","0","10549","0","0","619","0","0","723","0","0","0","0"
"X","100656281",".","A","G","G","NA","PASS","","","n.532T>C","non coding transcript exon","","1","21560","0","1","4.638e-5","0","5866","0","0","184","0","0","1018","0","0","2635","0","1","10518","0","0","615","0","0","724","0","0","0","0"
"X","100656301","rs782256263","T","C","G","NA","PASS","","","n.512A>G","non coding transcript exon","","1","21595","0","0","4.631e-5","1","5873","0","0","188","0","0","1029","0","0","2640","0","0","10532","0","0","615","0","0","718","0","0","0","0"
"X","100656316",".","G","A","G","NA","PASS","","","n.497C>T","non coding transcript exon","","3","21605","0","0","0.0001389","2","5876","0","0","188","0","0","1035","0","0","2644","0","1","10535","0","0","611","0","0","716","0","0","0","0"
"X","100656356",".","T","A","G","NA","PASS","","","c.547+264A>T","intron","","1","21612","0","0","4.627e-5","0","5883","0","0","186","0","0","1025","0","0","2650","0","0","10538","0","0","612","0","1","718","0","0","0","0"
"X","100656374",".","T","G","G","NA","PASS","","","n.777A>C","non coding transcript exon","","3","21716","0","0","0.0001381","3","5928","0","0","185","0","0","1034","0","0","2658","0","0","10580","0","0","612","0","0","719","0","0","0","0"
"X","100656430","rs41311559","G","A","G","NA","PASS","","","n.721C>T","non coding transcript exon","","720","21568","12","216","0.03338","32","5846","0","6","184","0","0","1036","0","145","2634","3","497","10526","8","8","616","0","32","726","1","0","0","0"
"X","100656441","rs200739167","GAATT","G","G","NA","PASS","","","n.706_709delAATT","non coding transcript exon","","228","21684","6","72","0.01051","221","5895","6","0","187","0","0","1037","0","0","2634","0","4","10593","0","1","613","0","2","725","0","0","0","0"
"X","100656444","rs41307413","T","C","G","NA","PASS","","","n.707A>G","non coding transcript exon","","32","21630","0","17","0.001479","5","5884","0","1","185","0","0","1040","0","2","2627","0","22","10555","0","0","613","0","2","726","0","0","0","0"
"X","100656445",".","T","G","G","NA","PASS","","","n.706A>C","non coding transcript exon","","1","21614","0","0","4.627e-5","0","5871","0","0","186","0","0","1041","0","0","2624","0","1","10551","0","0","616","0","0","725","0","0","0","0"
"X","100656477",".","G","T","G","NA","PASS","","","n.674C>A","non coding transcript exon","","1","21760","0","1","4.596e-5","1","5945","0","0","187","0","0","1046","0","0","2629","0","0","10604","0","0","620","0","0","729","0","0","0","0"
"X","100656489","rs782232871","G","A","E G","PASS","PASS","","","n.662C>T","non coding transcript exon","","26","163064","0","7","0.0001594","25","15749","0","0","6807","0","0","11213","0","0","16880","0","0","68892","0","1","23674","0","0","4200","0","0","15649","0"
"X","100656513","rs782343976","A","C","E","PASS","NA","","","n.638T>G","non coding transcript exon","","1","165930","0","0","6.027e-6","0","11571","0","0","7109","0","0","12123","0","0","15946","0","1","71581","0","0","25699","0","0","3862","0","0","18039","0"
"X","100656517",".","T","C","E","PASS","NA","","","n.634A>G","non coding transcript exon","","2","168877","0","2","1.184e-5","0","11741","0","0","7155","0","0","12323","0","0","16082","0","0","73281","0","0","25968","0","0","3910","0","2","18417","0"
"X","100656518","rs3027588","T","C","E G","PASS","PASS","","","n.633A>G","non coding transcript exon","","2718","190946","159","699","0.01423","2520","17585","156","0","7347","0","0","13398","0","0","18729","0","7","84152","0","160","26632","2","28","4639","1","3","18464","0"
"X","100656519","rs782047833","G","T","E","PASS","NA","","","n.632C>A","non coding transcript exon","","2","169862","0","0","1.177e-5","0","11793","0","0","7173","0","0","12389","0","0","16130","0","2","73851","0","0","26066","0","0","3912","0","0","18548","0"
"X","100656521","rs782418101","G","T","E","PASS","NA","","","n.630C>A","non coding transcript exon","","3","171066","0","2","1.754e-5","0","11869","0","0","7189","0","0","12466","0","0","16185","0","2","74617","0","1","26151","0","0","3940","0","0","18649","0"
"X","100656524","rs782141216","AGGGTATTTAAAAT","A","E","PASS","NA","","","n.614_626delATTTTAAATACCC","non coding transcript exon","","2","172448","0","0","1.16e-5","2","11949","0","0","7209","0","0","12565","0","0","16265","0","0","75486","0","0","26268","0","0","3958","0","0","18748","0"
"X","100656540",".","T","C","E","PASS","NA","","","n.611A>G","non coding transcript exon","","1","176059","0","1","5.68e-6","0","12124","0","0","7273","0","0","12809","0","0","16400","0","1","77882","0","0","26514","0","0","4022","0","0","19035","0"
"X","100656547",".","T","A","E","PASS","NA","","","n.604A>T","non coding transcript exon","","1","177005","0","1","5.65e-6","0","12192","0","0","7283","0","0","12841","0","0","16423","0","0","78590","0","1","26545","0","0","4030","0","0","19101","0"
"X","100656548","rs782126435","G","A","E","PASS","NA","","","n.603C>T","non coding transcript exon","","3","177073","0","0","1.694e-5","0","12192","0","0","7282","0","0","12837","0","0","16427","0","3","78655","0","0","26547","0","0","4033","0","0","19100","0"
"X","100656552",".","C","G","G","NA","PASS","","","n.599G>C","non coding transcript exon","","1","21587","0","0","4.632e-5","1","5857","0","0","188","0","0","1038","0","0","2645","0","0","10515","0","0","623","0","0","721","0","0","0","0"
"X","100656552",".","C","T","E","PASS","NA","","","n.599G>A","non coding transcript exon","","1","177350","0","0","5.639e-6","0","12214","0","0","7285","0","0","12844","0","0","16436","0","1","78859","0","0","26556","0","0","4037","0","0","19119","0"
"X","100656554","rs782777183","T","G","E","PASS","NA","","","n.597A>C","non coding transcript exon","","1","177483","0","0","5.634e-6","1","12214","0","0","7283","0","0","12861","0","0","16437","0","0","78963","0","0","26563","0","0","4037","0","0","19125","0"
"X","100656558","rs531010133","C","T","E","PASS","NA","","","n.593G>A","non coding transcript exon","","1","177589","0","0","5.631e-6","0","12224","0","0","7288","0","0","12865","0","0","16436","0","0","79043","0","0","26564","0","0","4041","0","1","19128","0"
"X","100656565",".","A","G","E","PASS","NA","","","n.586T>C","non coding transcript exon","","1","177883","0","1","5.622e-6","0","12233","0","0","7294","0","1","12869","0","0","16442","0","0","79294","0","0","26570","0","0","4043","0","0","19138","0"
"X","100656569","rs186273861","T","G","E","PASS","NA","","","n.582A>C","non coding transcript exon","","25","177975","0","8","0.0001405","0","12237","0","0","7294","0","0","12867","0","0","16443","0","0","79376","0","25","26571","0","0","4046","0","0","19141","0"
"X","100656579","rs782703603","G","A","E","PASS","NA","","","n.572C>T","non coding transcript exon","","1","178218","0","0","5.611e-6","0","12241","0","0","7294","0","0","12870","0","0","16444","0","1","79599","0","0","26576","0","0","4049","0","0","19145","0"
"X","100656593","rs201275759","G","A","E","PASS","NA","","","n.558C>T","non coding transcript exon","","3","178389","0","1","1.682e-5","0","12246","0","0","7294","0","0","12870","0","0","16446","0","1","79759","0","2","26578","0","0","4052","0","0","19144","0"
"X","100656600","rs782538815","T","C","E","PASS","NA","","","n.551A>G","non coding transcript exon","","1","178490","0","1","5.603e-6","0","12246","0","0","7293","0","0","12870","0","0","16446","0","0","79862","0","0","26576","0","0","4053","0","1","19144","0"
"X","100656612",".","A","G","E","PASS","NA","c.547+8T>C","","c.547+8T>C","splice region","","1","178636","0","1","5.598e-6","0","12246","0","0","7294","0","0","12870","0","0","16446","0","0","80003","0","1","26578","0","0","4054","0","0","19145","0"
"X","100656615","rs782652843","A","G","E","PASS","NA","c.547+5T>C","","c.547+5T>C","splice region","","1","178672","0","0","5.597e-6","0","12246","0","0","7294","0","0","12870","0","0","16446","0","0","80039","0","1","26578","0","0","4054","0","0","19145","0"
"X","100656623",".","C","T","E","PASS","NA","p.Asp182Asn","p.Asp182Asn","c.544G>A","missense","","1","178698","0","0","5.596e-6","0","12246","0","0","7294","0","0","12870","0","0","16446","0","1","80067","0","0","26577","0","0","4054","0","0","19144","0"
"X","100656629","rs781860029","A","G","E","PASS","NA","p.Leu180Leu","p.Leu180Leu","c.538T>C","synonymous","","1","178727","0","0","5.595e-6","0","12246","0","0","7294","0","0","12870","0","0","16446","0","0","80095","0","0","26577","0","1","4054","0","0","19145","0"
"X","100656642","rs782722844","G","C","E","PASS","NA","p.Asp175Glu","p.Asp175Glu","c.525C>G","missense","","6","178751","0","5","3.357e-5","0","12246","0","0","7294","0","0","12870","0","0","16446","0","5","80118","0","0","26578","0","1","4054","0","0","19145","0"
"X","100656642","rs782722844","G","T","E","PASS","NA","p.Asp175Glu","p.Asp175Glu","c.525C>A","missense","","1","178751","0","0","5.594e-6","0","12246","0","0","7294","0","0","12870","0","0","16446","0","0","80118","0","1","26578","0","0","4054","0","0","19145","0"
"X","100656666","rs782486830","T","A","E","PASS","NA","p.Leu167Leu","p.Leu167Leu","c.501A>T","synonymous","","4","178766","0","2","2.238e-5","0","12246","0","0","7294","0","0","12870","0","0","16446","0","4","80133","0","0","26578","0","0","4054","0","0","19145","0"
"X","100656693","rs782615630","G","A","E","PASS","NA","p.Thr158Thr","p.Thr158Thr","c.474C>T","synonymous","","6","178778","0","0","3.356e-5","0","12246","0","0","7295","0","0","12870","0","0","16446","0","0","80142","0","6","26577","0","0","4057","0","0","19145","0"
"X","100656702","rs782197072","A","G","E G","PASS","PASS","p.Asp155Asp","p.Asp155Asp","c.465T>C","synonymous","","3","200499","0","1","1.496e-5","0","18161","0","0","7483","0","0","13904","0","0","19096","0","3","90744","0","0","27195","0","0","4772","0","0","19144","0"
"X","100656708",".","G","A","E","PASS","NA","p.Asp153Asp","p.Asp153Asp","c.459C>T","synonymous","","1","178779","0","0","5.593e-6","0","12246","0","0","7295","0","0","12870","0","0","16446","0","0","80142","0","0","26578","0","1","4057","0","0","19145","0"
"X","100656710","rs370299397","C","T","E","PASS","NA","p.Asp153Asn","p.Asp153Asn","c.457G>A","missense","","4","178770","0","1","2.238e-5","3","12246","0","0","7295","0","0","12870","0","0","16444","0","0","80135","0","0","26578","0","1","4057","0","0","19145","0"
"X","100656736","rs782085638","C","T","E","PASS","NA","p.Gly144Asp","p.Gly144Asp","c.431G>A","missense","","2","178765","0","0","1.119e-5","2","12245","0","0","7294","0","0","12870","0","0","16444","0","0","80135","0","0","26577","0","0","4057","0","0","19143","0"
"X","100656740","rs104894845","C","T","E G","PASS","PASS","p.Ala143Thr","p.Ala143Thr","c.427G>A","missense","","101","200452","0","29","0.0005039","3","18142","0","1","7479","0","0","13899","0","1","19106","0","85","90713","0","10","27197","0","1","4775","0","0","19141","0"
"X","100656741",".","G","A","E","PASS","NA","p.Cys142Cys","p.Cys142Cys","c.426C>T","synonymous","","1","178761","0","0","5.594e-6","0","12245","0","0","7294","0","0","12870","0","0","16442","0","0","80136","0","1","26577","0","0","4056","0","0","19141","0"
"X","100656748","rs150228150","T","G","E","PASS","NA","p.Lys140Thr","p.Lys140Thr","c.419A>C","missense","","4","178764","0","1","2.238e-5","1","12245","0","0","7294","0","0","12870","0","0","16446","0","0","80133","0","3","26577","0","0","4055","0","0","19144","0"
"X","100656751","rs138886989","T","C","E","PASS","NA","p.Asn139Ser","p.Asn139Ser","c.416A>G","missense","","34","178758","0","11","0.0001902","0","12245","0","0","7294","0","0","12870","0","3","16446","0","31","80129","0","0","26576","0","0","4055","0","0","19143","0"
"X","100656765",".","A","G","E","PASS","NA","p.Tyr134Tyr","p.Tyr134Tyr","c.402T>C","synonymous","","1","178758","0","1","5.594e-6","0","12245","0","0","7294","0","0","12870","0","0","16445","0","1","80127","0","0","26578","0","0","4055","0","0","19144","0"
"X","100656774","rs782100696","T","C","E","PASS","NA","p.Leu131Leu","p.Leu131Leu","c.393A>G","synonymous","","1","178731","0","1","5.595e-6","0","12245","0","0","7294","0","0","12870","0","0","16446","0","1","80100","0","0","26576","0","0","4055","0","0","19145","0"
"X","100656790","rs782336447","C","A","E","PASS","NA","p.Ser126Ile","p.Ser126Ile","c.377G>T","missense","","1","178657","0","1","5.597e-6","0","12244","0","0","7293","0","0","12870","0","0","16446","0","0","80029","0","0","26578","0","0","4054","0","1","19143","0"
"X","100656791","rs149391489","T","C","E G","PASS","PASS","p.Ser126Gly","p.Ser126Gly","c.376A>G","missense","","71","200453","0","24","0.0003542","1","18186","0","0","7479","0","0","13914","0","0","19106","0","66","90653","0","2","27200","0","1","4772","0","1","19143","0"
"X","100656806","rs782810583","A","G","E","PASS","NA","","","c.370-9T>C","intron","","1","178583","0","1","5.6e-6","0","12244","0","0","7292","0","0","12870","0","0","16446","0","1","79959","0","0","26577","0","0","4054","0","0","19141","0"
"X","100656825","rs782003690","C","T","E","PASS","NA","","","c.370-28G>A","intron","","9","178330","0","4","5.047e-5","0","12238","0","0","7289","0","0","12868","0","0","16441","0","0","79730","0","9","26575","0","0","4050","0","0","19139","0"
"X","100656828",".","T","C","E G","PASS","PASS","","","c.370-31A>G","intron","","2","199996","0","1","1e-5","2","18153","0","0","7468","0","0","13915","0","0","19093","0","0","90270","0","0","27196","0","0","4765","0","0","19136","0"
"X","100656835","rs782118672","A","G","E","PASS","NA","","","c.370-38T>C","intron","","1","178125","0","1","5.614e-6","0","12236","0","0","7285","0","0","12863","0","0","16440","0","1","79557","0","0","26572","0","0","4045","0","0","19127","0"
"X","100656839",".","C","A","G","NA","PASS","","","c.370-42G>T","intron","","1","21467","0","1","4.658e-5","0","5818","0","0","181","0","0","1033","0","0","2640","0","1","10463","0","0","616","0","0","716","0","0","0","0"
"X","100656841","rs782755334","A","G","E","PASS","NA","","","c.370-44T>C","intron","","4","177892","0","2","2.249e-5","0","12226","0","0","7279","0","1","12854","0","0","16437","0","1","79381","0","2","26569","0","0","4041","0","0","19105","0"
"X","100656843","rs781833461","C","T","E","PASS","NA","","","c.370-46G>A","intron","","22","177711","0","6","0.0001238","0","12214","0","0","7274","0","0","12851","0","0","16434","0","2","79258","0","20","26557","0","0","4040","0","0","19083","0"
"X","100656870",".","TCCAGG","T","G","NA","PASS","","","c.370-78_370-74delCCTGG","intron","","4","20339","0","0","0.0001967","0","5470","0","0","166","0","4","997","0","0","2546","0","0","9902","0","0","572","0","0","686","0","0","0","0"
"X","100658757","rs782696004","T","C","E","PASS","NA","","","c.369+42A>G","intron","","1","175231","0","1","5.707e-6","0","12185","0","0","7267","0","0","12834","0","0","15304","0","1","78050","0","0","26516","0","0","4014","0","0","19061","0"
"X","100658760","rs782265160","AGTCCTCTG","A","E","PASS","NA","","","c.369+31_369+38delCAGAGGAC","intron","","1","175599","0","0","5.695e-6","0","12197","0","0","7271","0","0","12840","0","0","15435","0","1","78224","0","0","26528","0","0","4021","0","0","19083","0"
"X","100658769","rs782380995","AAT","A","E","PASS","NA","","","c.369+28_369+29delAT","intron","","1","176523","0","0","5.665e-6","0","12216","0","0","7278","0","0","12853","0","0","15772","0","1","78713","0","0","26552","0","0","4032","0","0","19107","0"
"X","100658771","rs781899607","T","C","E","PASS","NA","","","c.369+28A>G","intron","","1","176760","0","1","5.657e-6","0","12223","0","0","7280","0","0","12856","0","0","15852","0","0","78844","0","0","26556","0","0","4034","0","1","19115","0"
"X","100658776","rs782523891","A","G","E G","PASS","PASS","","","c.369+23T>C","intron","","3","198962","0","0","1.508e-5","3","18202","0","0","7475","0","0","13918","0","0","18655","0","0","89639","0","0","27186","0","0","4765","0","0","19122","0"
"X","100658782","rs782644591","A","G","E","PASS","NA","","","c.369+17T>C","intron","","1","177606","0","0","5.63e-6","0","12234","0","0","7286","0","0","12866","0","0","16155","0","0","79312","0","1","26572","0","0","4045","0","0","19136","0"
"X","100658782","rs782644591","A","T","E","PASS","NA","","","c.369+17T>A","intron","","1","177606","0","0","5.63e-6","0","12234","0","0","7286","0","0","12866","0","0","16155","0","1","79312","0","0","26572","0","0","4045","0","0","19136","0"
"X","100658783",".","TTATC","T","E","PASS","NA","","","c.369+12_369+15delGATA","intron","","1","177652","0","0","5.629e-6","0","12234","0","0","7286","0","1","12867","0","0","16179","0","0","79337","0","0","26569","0","0","4046","0","0","19134","0"
"X","100658784","rs782488441","T","C","E G","PASS","PASS","","","c.369+15A>G","intron","","12","199420","0","4","6.017e-5","0","18182","0","0","7479","0","12","13913","0","0","18836","0","0","89914","0","0","27189","0","0","4769","0","0","19138","0"
"X","100658794","rs398123209","C","G","E","PASS","NA","c.369+5G>C","","c.369+5G>C","splice region","","1","178123","0","0","5.614e-6","0","12241","0","0","7291","0","0","12868","0","0","16315","0","1","79642","0","0","26576","0","0","4048","0","0","19142","0"
"X","100658794","rs398123209","C","T","E G","PASS","PASS","c.369+5G>A","","c.369+5G>A","splice region","","2","199872","0","0","1.001e-5","0","18203","0","0","7482","0","0","13914","0","2","18956","0","0","90212","0","0","27193","0","0","4770","0","0","19142","0"
"X","100658795","rs782600529","T","A","E","PASS","NA","c.369+4A>T","","c.369+4A>T","splice region","","3","178188","0","2","1.684e-5","0","12242","0","0","7291","0","3","12870","0","0","16327","0","0","79689","0","0","26576","0","0","4050","0","0","19143","0"
"X","100658803","rs797044670","T","C","E","PASS","NA","p.Asn122Ser","p.Asn122Ser","c.365A>G","missense","","1","178427","0","1","5.605e-6","0","12245","0","0","7292","0","0","12870","0","0","16378","0","1","79871","0","0","26576","0","0","4050","0","0","19145","0"
"X","100658815","rs143768851","C","T","E","PASS","NA","p.Arg118His","p.Arg118His","c.353G>A","missense","","3","178522","0","0","1.68e-5","2","12243","0","0","7294","0","0","12870","0","0","16407","0","1","79932","0","0","26578","0","0","4053","0","0","19145","0"
"X","100658816","rs148158093","G","A","E G","PASS","PASS","p.Arg118Cys","p.Arg118Cys","c.352C>T","missense","","43","200247","0","15","0.0002147","1","18162","0","0","7484","0","0","13916","0","0","19045","0","36","90523","0","5","27196","0","1","4776","0","0","19145","0"
"X","100658823","rs782260908","A","G","E","PASS","NA","p.His115His","p.His115His","c.345T>C","synonymous","","2","178665","0","2","1.119e-5","0","12245","0","0","7293","0","2","12870","0","0","16427","0","0","80053","0","0","26578","0","0","4054","0","0","19145","0"
"X","100658827",".","G","A","G","NA","PASS","p.Pro114Leu","p.Pro114Leu","c.341C>T","missense","","1","21734","0","0","4.601e-5","0","5932","0","0","191","0","0","1044","0","0","2646","0","1","10577","0","0","621","0","0","723","0","0","0","0"
"X","100658833","rs372966991","C","T","E","PASS","NA","p.Arg112His","p.Arg112His","c.335G>A","missense","","3","178683","0","0","1.679e-5","0","12246","0","0","7294","0","0","12870","0","0","16432","0","3","80062","0","0","26578","0","0","4056","0","0","19145","0"
"X","100658838","rs781967285","A","C","E","PASS","NA","p.Pro110Pro","p.Pro110Pro","c.330T>G","synonymous","","1","178736","0","1","5.595e-6","0","12245","0","0","7294","0","0","12870","0","0","16438","0","0","80109","0","0","26579","0","0","4056","0","1","19145","0"
"X","100658841",".","G","A","E","PASS","NA","p.Asp109Asp","p.Asp109Asp","c.327C>T","synonymous","","1","178729","0","1","5.595e-6","0","12246","0","0","7294","0","0","12870","0","0","16429","0","1","80110","0","0","26579","0","0","4056","0","0","19145","0"
"X","100658855","rs782092398","T","C","E","PASS","NA","p.Arg105Gly","p.Arg105Gly","c.313A>G","missense","","1","178768","0","0","5.594e-6","1","12246","0","0","7295","0","0","12870","0","0","16440","0","0","80136","0","0","26579","0","0","4057","0","0","19145","0"
"X","100658892",".","A","T","G","NA","PASS","p.Asp92Glu","p.Asp92Glu","c.276T>A","missense","","1","21869","0","0","4.573e-5","1","6005","0","0","191","0","0","1041","0","0","2655","0","0","10623","0","0","622","0","0","732","0","0","0","0"
"X","100658921","rs782722577","C","T","E","PASS","NA","p.Asp83Asn","p.Asp83Asn","c.247G>A","missense","","4","178668","0","0","2.239e-5","0","12245","0","0","7295","0","0","12870","0","0","16400","0","4","80081","0","0","26577","0","0","4055","0","0","19145","0"
"X","100658956","rs781927744","T","C","E","PASS","NA","p.Glu71Gly","p.Glu71Gly","c.212A>G","missense","","1","178327","0","1","5.608e-6","0","12244","0","0","7291","0","0","12869","0","0","16257","0","0","79895","0","1","26574","0","0","4052","0","0","19145","0"
"X","100658960",".","T","C","E","PASS","NA","p.Met70Val","p.Met70Val","c.208A>G","missense","","1","178248","0","0","5.61e-6","0","12244","0","0","7289","0","0","12870","0","0","16212","0","1","79863","0","0","26574","0","0","4052","0","0","19144","0"
"X","100658972","rs104894833","C","G","E G","PASS","PASS","p.Glu66Gln","p.Glu66Gln","c.196G>C","missense","","20","199618","0","5","0.0001002","0","18200","0","0","7473","0","20","13914","0","0","18655","0","0","90268","0","0","27188","0","0","4778","0","0","19142","0"
"X","100658973","rs782803696","A","G","E","PASS","NA","c.195T>C","p.Ser65Ser","c.195T>C","splice region","","4","177777","0","2","2.25e-5","0","12240","0","0","7286","0","0","12868","0","0","15969","0","0","79652","0","3","26572","0","1","4048","0","0","19142","0"
"X","100659003","rs781822743","A","T","E G","PASS","PASS","","","c.195-30T>A","intron","","18","197234","0","6","9.126e-5","17","18145","0","0","7452","0","0","13891","0","0","17506","0","0","89216","0","1","27158","0","0","4741","0","0","19125","0"
"X","100659006",".","C","A","E","PASS","NA","","","c.195-33G>T","intron","","1","175221","0","1","5.707e-6","0","12189","0","0","7257","0","1","12849","0","0","14758","0","0","78480","0","0","26545","0","0","4018","0","0","19125","0"
"X","100659014","rs782455398","G","T","E","PASS","NA","","","c.195-41C>A","intron","","1","174025","0","1","5.746e-6","0","12153","0","0","7246","0","0","12836","0","1","14134","0","0","78012","0","0","26525","0","0","4002","0","0","19117","0"
"X","100659016","rs376723747","A","G","E","PASS","NA","","","c.195-43T>C","intron","","1","173684","0","0","5.758e-6","0","12144","0","0","7237","0","0","12832","0","0","13961","0","0","77873","0","0","26524","0","1","4003","0","0","19110","0"
"X","100662649","rs782211056","CCCAAACACAT","C","E","PASS","NA","","","c.194+39_194+48delATGTGTTTGG","intron","","1","177255","0","0","5.642e-6","0","12244","0","0","7293","0","0","12870","0","0","16443","0","0","78633","0","1","26579","0","0","4048","0","0","19145","0"
"X","100662653","rs371312555","A","G","E G","PASS","PASS","","","c.194+45T>C","intron","","4","198805","0","2","2.012e-5","1","18086","0","0","7478","0","0","13895","0","0","19096","0","3","89144","0","0","27194","0","0","4767","0","0","19145","0"
"X","100662657","rs782323526","CAT","C","E G","PASS","PASS","","","c.194+39_194+40delAT","intron","","9","198947","0","4","4.524e-5","0","18096","0","0","7481","0","0","13895","0","0","19099","0","4","89267","0","5","27198","0","0","4766","0","0","19145","0"
"X","100662659","rs782515589","T","A","E","PASS","NA","","","c.194+39A>T","intron","","1","177492","0","0","5.634e-6","1","12246","0","0","7293","0","0","12870","0","0","16443","0","0","78868","0","0","26579","0","0","4048","0","0","19145","0"
"X","100662676","rs782224725","G","A","E","PASS","NA","","","c.194+22C>T","intron","","3","177860","0","1","1.687e-5","0","12246","0","0","7294","0","0","12870","0","0","16446","0","3","79230","0","0","26579","0","0","4050","0","0","19145","0"
"X","100662681","rs2071226","T","C","E G","PASS","PASS","","","c.194+17A>G","intron","","2022","199172","69","717","0.01015","3","17994","0","0","7478","0","1738","13872","68","113","19085","1","56","89635","0","7","27198","0","24","4765","0","81","19145","0"
"X","100662700",".","G","A","E G","PASS","PASS","c.192C>T","p.Ile64Ile","c.192C>T","splice region","","5","200061","0","1","2.499e-5","3","18118","0","0","7479","0","0","13912","0","0","19102","0","0","90324","0","2","27200","0","0","4781","0","0","19145","0"
"X","100662703","rs781940111","G","A","E","PASS","NA","p.Cys63Cys","p.Cys63Cys","c.189C>T","synonymous","","1","178456","0","1","5.604e-6","0","12246","0","0","7295","0","0","12870","0","0","16446","0","1","79821","0","0","26579","0","0","4054","0","0","19145","0"
"X","100662715","rs782188157","C","T","E","PASS","NA","p.Glu59Glu","p.Glu59Glu","c.177G>A","synonymous","","1","178573","0","1","5.6e-6","0","12246","0","0","7294","0","0","12870","0","0","16446","0","1","79939","0","0","26579","0","0","4054","0","0","19145","0"
"X","100662759","rs143084761","G","A","E","PASS","NA","p.Leu45Leu","p.Leu45Leu","c.133C>T","synonymous","","5","178708","0","2","2.798e-5","0","12245","0","0","7294","0","0","12870","0","0","16446","0","4","80074","0","0","26578","0","1","4056","0","0","19145","0"
"X","100662763","rs146177035","G","A","E G","PASS","PASS","p.Gly43Gly","p.Gly43Gly","c.129C>T","synonymous","","83","200325","0","24","0.0004143","1","18127","0","0","7481","0","70","13913","0","0","19099","0","5","90582","0","2","27195","0","2","4784","0","3","19144","0"
"X","100662769","rs137902198","G","A","E G","PASS","PASS","p.Thr41Thr","p.Thr41Thr","c.123C>T","synonymous","","31","200369","1","10","0.0001547","0","18147","0","0","7482","0","0","13907","0","0","19099","0","31","90607","1","0","27195","0","0","4788","0","0","19144","0"
"X","100662770","rs782362194","G","C","E","PASS","NA","p.Thr41Ser","p.Thr41Ser","c.122C>G","missense","","4","178720","0","1","2.238e-5","0","12245","0","0","7293","0","0","12870","0","0","16446","0","0","80088","0","4","26578","0","0","4056","0","0","19144","0"
"X","100662776","rs201819574","G","A","E","PASS","NA","p.Thr39Met","p.Thr39Met","c.116C>T","missense","","1","178722","0","0","5.595e-6","0","12243","0","0","7292","0","0","12870","0","0","16442","0","1","80098","0","0","26577","0","0","4056","0","0","19144","0"
"X","100662803","rs782079853","C","G","E","PASS","NA","p.Arg30Thr","p.Arg30Thr","c.89G>C","missense","","2","178732","0","1","1.119e-5","0","12241","0","0","7291","0","0","12870","0","0","16446","0","0","80111","0","0","26574","0","0","4055","0","2","19144","0"
"X","100662807","rs142449183","C","T","E","PASS","NA","p.Ala29Thr","p.Ala29Thr","c.85G>A","missense","","1","178735","0","0","5.595e-6","0","12242","0","0","7291","0","0","12870","0","0","16446","0","0","80112","0","0","26574","0","0","4056","0","1","19144","0"
"X","100662819","rs781788693","C","T","E","PASS","NA","p.Asp25Asn","p.Asp25Asn","c.73G>A","missense","","1","178721","0","0","5.595e-6","0","12242","0","0","7289","0","0","12870","0","0","16446","0","0","80102","0","0","26574","0","0","4054","0","1","19144","0"
"X","100662831","rs782164084","G","A","E","PASS","NA","p.Leu21Phe","p.Leu21Phe","c.61C>T","missense","","2","178707","0","0","1.119e-5","0","12242","0","0","7290","0","1","12870","0","0","16446","0","1","80083","0","0","26576","0","0","4056","0","0","19144","0"
"X","100662835",".","C","T","G","NA","PASS","p.Leu19Leu","p.Leu19Leu","c.57G>A","synonymous","","2","21603","0","0","9.258e-5","0","5903","0","0","193","0","0","1032","0","0","2656","0","2","10469","0","0","619","0","0","731","0","0","0","0"
"X","100662844","rs201449986","A","C","E G","PASS","PASS","p.Leu16Leu","p.Leu16Leu","c.48T>G","synonymous","","37","200295","0","6","0.0001847","0","18109","0","0","7480","0","0","13911","0","0","19097","0","33","90574","0","3","27197","0","1","4784","0","0","19143","0"
"X","100662848","rs869312304","G","A","G","NA","PASS","p.Ala15Val","p.Ala15Val","c.44C>T","missense","","1","21578","0","0","4.634e-5","1","5867","0","0","192","0","0","1041","0","0","2649","0","0","10480","0","0","618","0","0","731","0","0","0","0"
"X","100662849","rs869312303","C","T","E","PASS","NA","p.Ala15Thr","p.Ala15Thr","c.43G>A","missense","","1","178695","0","0","5.596e-6","0","12240","0","0","7288","0","1","12870","0","0","16446","0","0","80077","0","0","26577","0","0","4055","0","0","19142","0"
"X","100662859","rs781856890","G","A","E G","PASS","PASS","p.Gly11Gly","p.Gly11Gly","c.33C>T","synonymous","","18","200319","0","5","8.986e-5","0","18127","0","0","7478","0","18","13913","0","0","19093","0","0","90581","0","0","27199","0","0","4786","0","0","19142","0"
"X","100662860","rs782498765","C","G","E G","PASS","PASS","p.Gly11Ala","p.Gly11Ala","c.32G>C","missense","","3","200304","0","1","1.498e-5","0","18118","0","0","7475","0","3","13908","0","0","19097","0","0","90576","0","0","27199","0","0","4788","0","0","19143","0"
"X","100662860","rs782498765","C","T","E","PASS","NA","p.Gly11Asp","p.Gly11Asp","c.32G>A","missense","","1","178696","0","0","5.596e-6","0","12240","0","0","7286","0","0","12870","0","0","16446","0","0","80079","0","0","26576","0","0","4056","0","1","19143","0"
"X","100662861",".","C","G","E","PASS","NA","p.Gly11Arg","p.Gly11Arg","c.31G>C","missense","","1","178698","0","1","5.596e-6","0","12241","0","0","7285","0","0","12870","0","0","16446","0","0","80082","0","0","26576","0","0","4056","0","1","19142","0"
"X","100662861",".","C","T","E","PASS","NA","p.Gly11Ser","p.Gly11Ser","c.31G>A","missense","","1","178698","0","0","5.596e-6","1","12241","0","0","7285","0","0","12870","0","0","16446","0","0","80082","0","0","26576","0","0","4056","0","0","19142","0"
"X","100662866",".","T","C","G","NA","PASS","p.His9Arg","p.His9Arg","c.26A>G","missense","","1","21620","0","0","4.625e-5","0","5879","0","0","189","0","0","1036","0","0","2659","0","1","10511","0","0","620","0","0","726","0","0","0","0"
"X","100662871",".","T","G","E","PASS","NA","p.Glu7Asp","p.Glu7Asp","c.21A>C","missense","","1","178677","0","1","5.597e-6","0","12240","0","0","7288","0","0","12870","0","0","16445","0","0","80060","0","0","26573","0","0","4057","0","1","19144","0"
"X","100662874","rs781811293","T","C","E","PASS","NA","p.Pro6Pro","p.Pro6Pro","c.18A>G","synonymous","","2","178685","0","1","1.119e-5","0","12240","0","0","7288","0","1","12870","0","0","16445","0","1","80067","0","0","26574","0","0","4057","0","0","19144","0"
"X","100662879","rs782442966","T","C","E","PASS","NA","p.Asn5Asp","p.Asn5Asp","c.13A>G","missense","","1","178655","0","1","5.597e-6","0","12237","0","0","7287","0","0","12870","0","0","16443","0","1","80045","0","0","26573","0","0","4057","0","0","19143","0"
"X","100662884","rs150547672","A","G","E G","PASS","PASS","p.Leu3Pro","p.Leu3Pro","c.8T>C","missense","","54","200269","0","11","0.0002696","53","18116","0","0","7470","0","0","13905","0","0","19103","0","0","90556","0","1","27193","0","0","4785","0","0","19141","0"
"X","100662886","rs782748047","C","T","E","PASS","NA","p.Gln2Gln","p.Gln2Gln","c.6G>A","synonymous","","5","178627","0","1","2.799e-5","0","12236","0","0","7289","0","0","12870","0","0","16441","0","3","80020","0","1","26573","0","1","4057","0","0","19141","0"
"X","100662887","rs782386191","T","G","E","PASS","NA","p.Gln2Pro","p.Gln2Pro","c.5A>C","missense","","1","178623","0","0","5.598e-6","0","12234","0","0","7287","0","0","12870","0","0","16441","0","1","80022","0","0","26574","0","0","4057","0","0","19138","0"
"X","100662898","rs782637185","G","A","E G","RF","PASS","","","c.-7C>T","5' UTR","","1","21624","0","0","4.624e-5","0","5880","0","0","186","0","0","1028","0","0","2661","0","1","10521","0","0","622","0","0","726","0","0","0","0"
"X","100662899","rs371291716","G","A","E","PASS","NA","","","c.-8C>T","5' UTR","","1","178484","0","1","5.603e-6","0","12212","0","0","7280","0","0","12865","0","0","16430","0","1","79934","0","0","26569","0","0","4054","0","0","19140","0"
"X","100662899","rs371291716","G","C","E G","PASS","PASS","","","c.-8C>G","5' UTR","","25","200113","0","9","0.0001249","0","18100","0","3","7467","0","0","13891","0","0","19088","0","22","90457","0","0","27190","0","0","4780","0","0","19140","0"
"X","100662901","rs2071225","G","A","E G","PASS","PASS","","","c.-10C>T","5' UTR","","18162","199764","771","7168","0.09092","1191","18070","32","377","7460","6","1055","13871","30","1232","19061","22","5374","90286","119","3151","27132","172","385","4773","14","5397","19111","376"
"X","100662903","rs3027585","C","T","E G","PASS","PASS","","","c.-12G>A","5' UTR","","12047","199718","429","4319","0.06032","2588","17996","137","92","7459","0","540","13870","6","194","19079","0","2553","90290","20","3646","27126","205","246","4779","3","2188","19119","58"
"X","100662904","rs782051708","C","G","E G","PASS","PASS","","","c.-13G>C","5' UTR","","3","199935","0","1","1.5e-5","0","18076","0","0","7459","0","0","13888","0","0","19084","0","3","90321","0","0","27192","0","0","4781","0","0","19134","0"
"X","100662906","rs782422036","G","C","E","PASS","NA","","","c.-15C>G","5' UTR","","2","178271","0","1","1.122e-5","0","12191","0","0","7275","0","0","12856","0","0","16424","0","0","79769","0","0","26570","0","0","4054","0","2","19132","0"
"X","100662909","rs545597063","A","G","E","PASS","NA","","","c.-18T>C","5' UTR","","9","178224","0","5","5.05e-5","0","12182","0","0","7270","0","0","12856","0","0","16423","0","0","79745","0","0","26567","0","0","4049","0","9","19132","0"
"X","100662919","rs782122200","T","C","E","PASS","NA","","","","upstream gene","","1","177634","0","1","5.63e-6","0","12106","0","0","7251","0","0","12832","0","0","16387","0","0","79373","0","0","26556","0","0","4032","0","1","19097","0"
"X","100662921","rs3027584","C","T","E G","PASS","PASS","","","","upstream gene","","1756","198761","3","641","0.008835","24","17924","0","80","7426","0","0","13845","0","215","19013","0","1258","89577","3","50","27159","0","45","4738","0","84","19079","0"
"X","100662922",".","G","C","E","PASS","NA","","","","upstream gene","","1","177268","0","0","5.641e-6","0","12072","0","0","7246","0","0","12815","0","0","16366","0","0","79120","0","0","26543","0","0","4025","0","1","19081","0"
"X","100662923",".","C","T","E G","RF","PASS","","","","upstream gene","","1","21563","0","0","4.638e-5","0","5862","0","0","185","0","0","1034","0","0","2656","0","0","10486","0","0","619","0","1","721","0","0","0","0"
"X","100662931","rs782048102","C","G","E","PASS","NA","","","","upstream gene","","5","175606","0","2","2.847e-5","0","11920","0","0","7208","0","0","12719","0","1","16267","0","4","78052","0","0","26470","0","0","3997","0","0","18973","0"
"X","100662933","rs782071624","G","A","E","PASS","NA","","","","upstream gene","","2","174898","0","2","1.144e-5","1","11853","0","0","7188","0","0","12678","0","0","16227","0","0","77630","0","0","26419","0","0","3985","0","1","18918","0"
"X","100662933","rs782071624","G","C","E","PASS","NA","","","","upstream gene","","1","174898","0","0","5.718e-6","0","11853","0","0","7188","0","1","12678","0","0","16227","0","0","77630","0","0","26419","0","0","3985","0","0","18918","0"
"X","100662934","rs782720134","G","A","E","PASS","NA","","","","upstream gene","","3","174910","0","1","1.715e-5","0","11854","0","0","7186","0","0","12684","0","0","16220","0","0","77635","0","0","26424","0","0","3986","0","3","18921","0"
"X","100662935","rs781906252","G","A","E G","PASS","PASS","","","","upstream gene","","19","196245","0","9","9.682e-5","0","17710","0","0","7363","0","0","13697","0","0","18857","0","13","87990","0","5","27022","0","1","4703","0","0","18903","0"
"X","100662935","rs781906252","G","C","E","PASS","NA","","","","upstream gene","","1","174686","0","1","5.725e-6","0","11851","0","0","7180","0","0","12673","0","0","16204","0","1","77491","0","0","26400","0","0","3984","0","0","18903","0"
"X","100662936","rs782646655","C","G","E","PASS","NA","","","","upstream gene","","1","174385","0","1","5.734e-6","0","11815","0","0","7172","0","0","12656","0","0","16188","0","1","77306","0","0","26399","0","0","3973","0","0","18876","0"
"X","100662936","rs782646655","C","T","E","PASS","NA","","","","upstream gene","","1","174385","0","1","5.734e-6","0","11815","0","1","7172","0","0","12656","0","0","16188","0","0","77306","0","0","26399","0","0","3973","0","0","18876","0"
"X","100662942",".","A","C","E","PASS","NA","","","","upstream gene","","1","173273","0","0","5.771e-6","0","11727","0","0","7146","0","1","12603","0","0","16121","0","0","76618","0","0","26325","0","0","3945","0","0","18788","0"
"X","100662976",".","C","T","G","NA","PASS","","","","upstream gene","","2","21623","0","1","9.249e-5","2","5870","0","0","185","0","0","1030","0","0","2654","0","0","10542","0","0","620","0","0","722","0","0","0","0"
"X","100662979","rs782562410","A","G","G","NA","PASS","","","","upstream gene","","1","21667","0","0","4.615e-5","0","5882","0","0","187","0","0","1029","0","0","2658","0","1","10570","0","0","620","0","0","721","0","0","0","0"
"X","100662979","rs782562410","A","T","G","NA","PASS","","","","upstream gene","","1","21667","0","0","4.615e-5","0","5882","0","0","187","0","0","1029","0","0","2658","0","1","10570","0","0","620","0","0","721","0","0","0","0"